Test	UNKNOWN STEP	﻿2026-05-12T16:57:39.7477045Z Current runner version: '2.334.0'
Test	UNKNOWN STEP	2026-05-12T16:57:39.7501419Z ##[group]Runner Image Provisioner
Test	UNKNOWN STEP	2026-05-12T16:57:39.7502389Z Hosted Compute Agent
Test	UNKNOWN STEP	2026-05-12T16:57:39.7503483Z Version: 20260213.493
Test	UNKNOWN STEP	2026-05-12T16:57:39.7504217Z Commit: 5c115507f6dd24b8de37d8bbe0bb4509d0cc0fa3
Test	UNKNOWN STEP	2026-05-12T16:57:39.7504895Z Build Date: 2026-02-13T00:28:41Z
Test	UNKNOWN STEP	2026-05-12T16:57:39.7505559Z Worker ID: {3b948ca1-6cac-4d8f-8278-29ccaa5e9f92}
Test	UNKNOWN STEP	2026-05-12T16:57:39.7506194Z Azure Region: eastus
Test	UNKNOWN STEP	2026-05-12T16:57:39.7506801Z ##[endgroup]
Test	UNKNOWN STEP	2026-05-12T16:57:39.7508278Z ##[group]Operating System
Test	UNKNOWN STEP	2026-05-12T16:57:39.7509365Z Ubuntu
Test	UNKNOWN STEP	2026-05-12T16:57:39.7509965Z 24.04.4
Test	UNKNOWN STEP	2026-05-12T16:57:39.7510436Z LTS
Test	UNKNOWN STEP	2026-05-12T16:57:39.7510944Z ##[endgroup]
Test	UNKNOWN STEP	2026-05-12T16:57:39.7511434Z ##[group]Runner Image
Test	UNKNOWN STEP	2026-05-12T16:57:39.7512038Z Image: ubuntu-24.04
Test	UNKNOWN STEP	2026-05-12T16:57:39.7512837Z Version: 20260413.86.1
Test	UNKNOWN STEP	2026-05-12T16:57:39.7514252Z Included Software: https://github.com/actions/runner-images/blob/ubuntu24/20260413.86/images/ubuntu/Ubuntu2404-Readme.md
Test	UNKNOWN STEP	2026-05-12T16:57:39.7515781Z Image Release: https://github.com/actions/runner-images/releases/tag/ubuntu24%2F20260413.86
Test	UNKNOWN STEP	2026-05-12T16:57:39.7516693Z ##[endgroup]
Test	UNKNOWN STEP	2026-05-12T16:57:39.7517663Z ##[group]GITHUB_TOKEN Permissions
Test	UNKNOWN STEP	2026-05-12T16:57:39.7519790Z Contents: read
Test	UNKNOWN STEP	2026-05-12T16:57:39.7520350Z Metadata: read
Test	UNKNOWN STEP	2026-05-12T16:57:39.7520825Z ##[endgroup]
Test	UNKNOWN STEP	2026-05-12T16:57:39.7523289Z Secret source: Actions
Test	UNKNOWN STEP	2026-05-12T16:57:39.7524273Z Prepare workflow directory
Test	UNKNOWN STEP	2026-05-12T16:57:39.7849246Z Prepare all required actions
Test	UNKNOWN STEP	2026-05-12T16:57:39.7885930Z Getting action download info
Test	UNKNOWN STEP	2026-05-12T16:57:40.2178829Z Download action repository 'actions/checkout@v4' (SHA:34e114876b0b11c390a56381ad16ebd13914f8d5)
Test	UNKNOWN STEP	2026-05-12T16:57:40.3476299Z Download action repository 'dtolnay/rust-toolchain@stable' (SHA:29eef336d9b2848a0b548edc03f92a220660cdb8)
Test	UNKNOWN STEP	2026-05-12T16:57:40.4512750Z Download action repository 'actions/setup-node@v4' (SHA:49933ea5288caeca8642d1e84afbd3f7d6820020)
Test	UNKNOWN STEP	2026-05-12T16:57:40.5334399Z Download action repository 'actions/cache@v4' (SHA:0057852bfaa89a56745cba8c7296529d2fc39830)
Test	UNKNOWN STEP	2026-05-12T16:57:40.6234900Z Download action repository 'actions/upload-artifact@v4' (SHA:ea165f8d65b6e75b540449e92b4886f43607fa02)
Test	UNKNOWN STEP	2026-05-12T16:57:40.8799925Z Complete job name: Test
Test	UNKNOWN STEP	2026-05-12T16:57:40.9611320Z ##[group]Run actions/checkout@v4
Test	UNKNOWN STEP	2026-05-12T16:57:40.9612172Z with:
Test	UNKNOWN STEP	2026-05-12T16:57:40.9612836Z   repository: link-foundation/link-cli
Test	UNKNOWN STEP	2026-05-12T16:57:40.9613542Z   token: ***
Test	UNKNOWN STEP	2026-05-12T16:57:40.9613945Z   ssh-strict: true
Test	UNKNOWN STEP	2026-05-12T16:57:40.9614358Z   ssh-user: git
Test	UNKNOWN STEP	2026-05-12T16:57:40.9614785Z   persist-credentials: true
Test	UNKNOWN STEP	2026-05-12T16:57:40.9615252Z   clean: true
Test	UNKNOWN STEP	2026-05-12T16:57:40.9615674Z   sparse-checkout-cone-mode: true
Test	UNKNOWN STEP	2026-05-12T16:57:40.9616179Z   fetch-depth: 1
Test	UNKNOWN STEP	2026-05-12T16:57:40.9616585Z   fetch-tags: false
Test	UNKNOWN STEP	2026-05-12T16:57:40.9617008Z   show-progress: true
Test	UNKNOWN STEP	2026-05-12T16:57:40.9617465Z   lfs: false
Test	UNKNOWN STEP	2026-05-12T16:57:40.9617847Z   submodules: false
Test	UNKNOWN STEP	2026-05-12T16:57:40.9618271Z   set-safe-directory: true
Test	UNKNOWN STEP	2026-05-12T16:57:40.9619022Z ##[endgroup]
Test	UNKNOWN STEP	2026-05-12T16:57:41.0738564Z Syncing repository: link-foundation/link-cli
Test	UNKNOWN STEP	2026-05-12T16:57:41.0740438Z ##[group]Getting Git version info
Test	UNKNOWN STEP	2026-05-12T16:57:41.0741146Z Working directory is '/home/runner/work/link-cli/link-cli'
Test	UNKNOWN STEP	2026-05-12T16:57:41.0742177Z [command]/usr/bin/git version
Test	UNKNOWN STEP	2026-05-12T16:57:41.0860690Z git version 2.53.0
Test	UNKNOWN STEP	2026-05-12T16:57:41.0887058Z ##[endgroup]
Test	UNKNOWN STEP	2026-05-12T16:57:41.0910411Z Temporarily overriding HOME='/home/runner/work/_temp/b9a38bc3-aef0-44c4-83d1-1fc4efee6a38' before making global git config changes
Test	UNKNOWN STEP	2026-05-12T16:57:41.0913327Z Adding repository directory to the temporary git global config as a safe directory
Test	UNKNOWN STEP	2026-05-12T16:57:41.0917648Z [command]/usr/bin/git config --global --add safe.directory /home/runner/work/link-cli/link-cli
Test	UNKNOWN STEP	2026-05-12T16:57:41.0949302Z Deleting the contents of '/home/runner/work/link-cli/link-cli'
Test	UNKNOWN STEP	2026-05-12T16:57:41.0953080Z ##[group]Initializing the repository
Test	UNKNOWN STEP	2026-05-12T16:57:41.0956866Z [command]/usr/bin/git init /home/runner/work/link-cli/link-cli
Test	UNKNOWN STEP	2026-05-12T16:57:41.1054785Z hint: Using 'master' as the name for the initial branch. This default branch name
Test	UNKNOWN STEP	2026-05-12T16:57:41.1056374Z hint: will change to "main" in Git 3.0. To configure the initial branch name
Test	UNKNOWN STEP	2026-05-12T16:57:41.1057446Z hint: to use in all of your new repositories, which will suppress this warning,
Test	UNKNOWN STEP	2026-05-12T16:57:41.1058195Z hint: call:
Test	UNKNOWN STEP	2026-05-12T16:57:41.1058626Z hint:
Test	UNKNOWN STEP	2026-05-12T16:57:41.1059207Z hint: 	git config --global init.defaultBranch <name>
Test	UNKNOWN STEP	2026-05-12T16:57:41.1059796Z hint:
Test	UNKNOWN STEP	2026-05-12T16:57:41.1060340Z hint: Names commonly chosen instead of 'master' are 'main', 'trunk' and
Test	UNKNOWN STEP	2026-05-12T16:57:41.1061212Z hint: 'development'. The just-created branch can be renamed via this command:
Test	UNKNOWN STEP	2026-05-12T16:57:41.1061916Z hint:
Test	UNKNOWN STEP	2026-05-12T16:57:41.1062297Z hint: 	git branch -m <name>
Test	UNKNOWN STEP	2026-05-12T16:57:41.1063047Z hint:
Test	UNKNOWN STEP	2026-05-12T16:57:41.1063652Z hint: Disable this message with "git config set advice.defaultBranchName false"
Test	UNKNOWN STEP	2026-05-12T16:57:41.1065191Z Initialized empty Git repository in /home/runner/work/link-cli/link-cli/.git/
Test	UNKNOWN STEP	2026-05-12T16:57:41.1067758Z [command]/usr/bin/git remote add origin https://github.com/link-foundation/link-cli
Test	UNKNOWN STEP	2026-05-12T16:57:41.1094842Z ##[endgroup]
Test	UNKNOWN STEP	2026-05-12T16:57:41.1096047Z ##[group]Disabling automatic garbage collection
Test	UNKNOWN STEP	2026-05-12T16:57:41.1098779Z [command]/usr/bin/git config --local gc.auto 0
Test	UNKNOWN STEP	2026-05-12T16:57:41.1126491Z ##[endgroup]
Test	UNKNOWN STEP	2026-05-12T16:57:41.1127578Z ##[group]Setting up auth
Test	UNKNOWN STEP	2026-05-12T16:57:41.1132916Z [command]/usr/bin/git config --local --name-only --get-regexp core\.sshCommand
Test	UNKNOWN STEP	2026-05-12T16:57:41.1161830Z [command]/usr/bin/git submodule foreach --recursive sh -c "git config --local --name-only --get-regexp 'core\.sshCommand' && git config --local --unset-all 'core.sshCommand' || :"
Test	UNKNOWN STEP	2026-05-12T16:57:41.1444898Z [command]/usr/bin/git config --local --name-only --get-regexp http\.https\:\/\/github\.com\/\.extraheader
Test	UNKNOWN STEP	2026-05-12T16:57:41.1474680Z [command]/usr/bin/git submodule foreach --recursive sh -c "git config --local --name-only --get-regexp 'http\.https\:\/\/github\.com\/\.extraheader' && git config --local --unset-all 'http.https://github.com/.extraheader' || :"
Test	UNKNOWN STEP	2026-05-12T16:57:41.1686501Z [command]/usr/bin/git config --local --name-only --get-regexp ^includeIf\.gitdir:
Test	UNKNOWN STEP	2026-05-12T16:57:41.1715926Z [command]/usr/bin/git submodule foreach --recursive git config --local --show-origin --name-only --get-regexp remote.origin.url
Test	UNKNOWN STEP	2026-05-12T16:57:41.1933536Z [command]/usr/bin/git config --local http.https://github.com/.extraheader AUTHORIZATION: basic ***
Test	UNKNOWN STEP	2026-05-12T16:57:41.1966630Z ##[endgroup]
Test	UNKNOWN STEP	2026-05-12T16:57:41.1967435Z ##[group]Fetching the repository
Test	UNKNOWN STEP	2026-05-12T16:57:41.1974600Z [command]/usr/bin/git -c protocol.version=2 fetch --no-tags --prune --no-recurse-submodules --depth=1 origin +d47e551d2d66c7bfe93f9a869ce9fab36347e317:refs/remotes/origin/main
Test	UNKNOWN STEP	2026-05-12T16:57:41.7454947Z From https://github.com/link-foundation/link-cli
Test	UNKNOWN STEP	2026-05-12T16:57:41.7456791Z  * [new ref]         d47e551d2d66c7bfe93f9a869ce9fab36347e317 -> origin/main
Test	UNKNOWN STEP	2026-05-12T16:57:41.7484465Z ##[endgroup]
Test	UNKNOWN STEP	2026-05-12T16:57:41.7492241Z ##[group]Determining the checkout info
Test	UNKNOWN STEP	2026-05-12T16:57:41.7494770Z ##[endgroup]
Test	UNKNOWN STEP	2026-05-12T16:57:41.7495887Z [command]/usr/bin/git sparse-checkout disable
Test	UNKNOWN STEP	2026-05-12T16:57:41.7530961Z [command]/usr/bin/git config --local --unset-all extensions.worktreeConfig
Test	UNKNOWN STEP	2026-05-12T16:57:41.7558339Z ##[group]Checking out the ref
Test	UNKNOWN STEP	2026-05-12T16:57:41.7562291Z [command]/usr/bin/git checkout --progress --force -B main refs/remotes/origin/main
Test	UNKNOWN STEP	2026-05-12T16:57:41.8184701Z Switched to a new branch 'main'
Test	UNKNOWN STEP	2026-05-12T16:57:41.8193612Z branch 'main' set up to track 'origin/main'.
Test	UNKNOWN STEP	2026-05-12T16:57:41.8202130Z ##[endgroup]
Test	UNKNOWN STEP	2026-05-12T16:57:41.8239982Z [command]/usr/bin/git log -1 --format=%H
Test	UNKNOWN STEP	2026-05-12T16:57:41.8261615Z d47e551d2d66c7bfe93f9a869ce9fab36347e317
Test	UNKNOWN STEP	2026-05-12T16:57:41.8892108Z ##[group]Run dtolnay/rust-toolchain@stable
Test	UNKNOWN STEP	2026-05-12T16:57:41.8893654Z with:
Test	UNKNOWN STEP	2026-05-12T16:57:41.8894452Z   targets: wasm32-unknown-unknown
Test	UNKNOWN STEP	2026-05-12T16:57:41.8895662Z   toolchain: stable
Test	UNKNOWN STEP	2026-05-12T16:57:41.8896473Z ##[endgroup]
Test	UNKNOWN STEP	2026-05-12T16:57:41.9048958Z ##[group]Run : parse toolchain version
Test	UNKNOWN STEP	2026-05-12T16:57:41.9050130Z ^[[36;1m: parse toolchain version^[[0m
Test	UNKNOWN STEP	2026-05-12T16:57:41.9051161Z ^[[36;1mif [[ -z $toolchain ]]; then^[[0m
Test	UNKNOWN STEP	2026-05-12T16:57:41.9053459Z ^[[36;1m  # GitHub does not enforce `required: true` inputs itself. https://github.com/actions/runner/issues/1070^[[0m
Test	UNKNOWN STEP	2026-05-12T16:57:41.9055506Z ^[[36;1m  echo "'toolchain' is a required input" >&2^[[0m
Test	UNKNOWN STEP	2026-05-12T16:57:41.9056620Z ^[[36;1m  exit 1^[[0m
Test	UNKNOWN STEP	2026-05-12T16:57:41.9057849Z ^[[36;1melif [[ $toolchain =~ ^stable' '[0-9]+' '(year|month|week|day)s?' 'ago$ ]]; then^[[0m
Test	UNKNOWN STEP	2026-05-12T16:57:41.9059373Z ^[[36;1m  if [[ Linux == macOS ]]; then^[[0m
Test	UNKNOWN STEP	2026-05-12T16:57:41.9061349Z ^[[36;1m    echo "toolchain=1.$((($(date -v-$(sed 's/stable \([0-9]*\) \(.\).*/\1\2/' <<< $toolchain) +%s)/60/60/24-16569)/7/6))" >> $GITHUB_OUTPUT^[[0m
Test	UNKNOWN STEP	2026-05-12T16:57:41.9063437Z ^[[36;1m  else^[[0m
Test	UNKNOWN STEP	2026-05-12T16:57:41.9064940Z ^[[36;1m    echo "toolchain=1.$((($(date --date "${toolchain#stable }" +%s)/60/60/24-16569)/7/6))" >> $GITHUB_OUTPUT^[[0m
Test	UNKNOWN STEP	2026-05-12T16:57:41.9066666Z ^[[36;1m  fi^[[0m
Test	UNKNOWN STEP	2026-05-12T16:57:41.9067749Z ^[[36;1melif [[ $toolchain =~ ^stable' 'minus' '[0-9]+' 'releases?$ ]]; then^[[0m
Test	UNKNOWN STEP	2026-05-12T16:57:41.9069720Z ^[[36;1m  echo "toolchain=1.$((($(date +%s)/60/60/24-16569)/7/6-${toolchain//[^0-9]/}))" >> $GITHUB_OUTPUT^[[0m
Test	UNKNOWN STEP	2026-05-12T16:57:41.9071430Z ^[[36;1melif [[ $toolchain =~ ^1\.[0-9]+$ ]]; then^[[0m
Test	UNKNOWN STEP	2026-05-12T16:57:41.9073506Z ^[[36;1m  echo "toolchain=1.$((i=${toolchain#1.}, c=($(date +%s)/60/60/24-16569)/7/6, i+9*i*(10*i<=c)+90*i*(100*i<=c)))" >> $GITHUB_OUTPUT^[[0m
Test	UNKNOWN STEP	2026-05-12T16:57:41.9075376Z ^[[36;1melse^[[0m
Test	UNKNOWN STEP	2026-05-12T16:57:41.9076271Z ^[[36;1m  echo "toolchain=$toolchain" >> $GITHUB_OUTPUT^[[0m
Test	UNKNOWN STEP	2026-05-12T16:57:41.9077412Z ^[[36;1mfi^[[0m
Test	UNKNOWN STEP	2026-05-12T16:57:41.9104441Z shell: /usr/bin/bash --noprofile --norc -e -o pipefail {0}
Test	UNKNOWN STEP	2026-05-12T16:57:41.9105686Z env:
Test	UNKNOWN STEP	2026-05-12T16:57:41.9106379Z   toolchain: stable
Test	UNKNOWN STEP	2026-05-12T16:57:41.9107141Z ##[endgroup]
Test	UNKNOWN STEP	2026-05-12T16:57:41.9269674Z ##[group]Run : construct rustup command line
Test	UNKNOWN STEP	2026-05-12T16:57:41.9270798Z ^[[36;1m: construct rustup command line^[[0m
Test	UNKNOWN STEP	2026-05-12T16:57:41.9272603Z ^[[36;1mecho "targets=$(for t in ${targets//,/ }; do echo -n ' --target' $t; done)" >> $GITHUB_OUTPUT^[[0m
Test	UNKNOWN STEP	2026-05-12T16:57:41.9274971Z ^[[36;1mecho "components=$(for c in ${components//,/ }; do echo -n ' --component' $c; done)" >> $GITHUB_OUTPUT^[[0m
Test	UNKNOWN STEP	2026-05-12T16:57:41.9276756Z ^[[36;1mecho "downgrade=" >> $GITHUB_OUTPUT^[[0m
Test	UNKNOWN STEP	2026-05-12T16:57:41.9298322Z shell: /usr/bin/bash --noprofile --norc -e -o pipefail {0}
Test	UNKNOWN STEP	2026-05-12T16:57:41.9299499Z env:
Test	UNKNOWN STEP	2026-05-12T16:57:41.9300198Z   targets: wasm32-unknown-unknown
Test	UNKNOWN STEP	2026-05-12T16:57:41.9301112Z   components:
Test	UNKNOWN STEP	2026-05-12T16:57:41.9301806Z ##[endgroup]
Test	UNKNOWN STEP	2026-05-12T16:57:41.9403559Z ##[group]Run : set $CARGO_HOME
Test	UNKNOWN STEP	2026-05-12T16:57:41.9404480Z ^[[36;1m: set $CARGO_HOME^[[0m
Test	UNKNOWN STEP	2026-05-12T16:57:41.9405646Z ^[[36;1mecho CARGO_HOME=${CARGO_HOME:-"$HOME/.cargo"} >> $GITHUB_ENV^[[0m
Test	UNKNOWN STEP	2026-05-12T16:57:41.9427057Z shell: /usr/bin/bash --noprofile --norc -e -o pipefail {0}
Test	UNKNOWN STEP	2026-05-12T16:57:41.9428275Z ##[endgroup]
Test	UNKNOWN STEP	2026-05-12T16:57:41.9531712Z ##[group]Run : install rustup if needed
Test	UNKNOWN STEP	2026-05-12T16:57:41.9533170Z ^[[36;1m: install rustup if needed^[[0m
Test	UNKNOWN STEP	2026-05-12T16:57:41.9534267Z ^[[36;1mif ! command -v rustup &>/dev/null; then^[[0m
Test	UNKNOWN STEP	2026-05-12T16:57:41.9536890Z ^[[36;1m  curl --proto '=https' --tlsv1.2 --retry 10 --retry-connrefused --location --silent --show-error --fail https://sh.rustup.rs | sh -s -- --default-toolchain none -y^[[0m
Test	UNKNOWN STEP	2026-05-12T16:57:41.9539530Z ^[[36;1m  echo "$CARGO_HOME/bin" >> $GITHUB_PATH^[[0m
Test	UNKNOWN STEP	2026-05-12T16:57:41.9540579Z ^[[36;1mfi^[[0m
Test	UNKNOWN STEP	2026-05-12T16:57:41.9561685Z shell: /usr/bin/bash --noprofile --norc -e -o pipefail {0}
Test	UNKNOWN STEP	2026-05-12T16:57:41.9563091Z env:
Test	UNKNOWN STEP	2026-05-12T16:57:41.9564066Z   CARGO_HOME: /home/runner/.cargo
Test	UNKNOWN STEP	2026-05-12T16:57:41.9564987Z ##[endgroup]
Test	UNKNOWN STEP	2026-05-12T16:57:41.9672764Z ##[group]Run rustup toolchain install stable --target wasm32-unknown-unknown --profile minimal --no-self-update
Test	UNKNOWN STEP	2026-05-12T16:57:41.9675618Z ^[[36;1mrustup toolchain install stable --target wasm32-unknown-unknown --profile minimal --no-self-update^[[0m
Test	UNKNOWN STEP	2026-05-12T16:57:41.9698022Z shell: /usr/bin/bash --noprofile --norc -e -o pipefail {0}
Test	UNKNOWN STEP	2026-05-12T16:57:41.9699205Z env:
Test	UNKNOWN STEP	2026-05-12T16:57:41.9699888Z   CARGO_HOME: /home/runner/.cargo
Test	UNKNOWN STEP	2026-05-12T16:57:41.9700841Z   RUSTUP_PERMIT_COPY_RENAME: 1
Test	UNKNOWN STEP	2026-05-12T16:57:41.9701696Z ##[endgroup]
Test	UNKNOWN STEP	2026-05-12T16:57:42.1454898Z info: syncing channel updates for stable-x86_64-unknown-linux-gnu
Test	UNKNOWN STEP	2026-05-12T16:57:42.2322923Z info: latest update on 2026-04-16 for version 1.95.0 (59807616e 2026-04-14)
Test	UNKNOWN STEP	2026-05-12T16:57:42.2441186Z info: removing previous version of component clippy
Test	UNKNOWN STEP	2026-05-12T16:57:42.2461839Z info: removing previous version of component rustfmt
Test	UNKNOWN STEP	2026-05-12T16:57:42.2475722Z info: removing previous version of component cargo
Test	UNKNOWN STEP	2026-05-12T16:57:42.2538827Z info: removing previous version of component rust-std
Test	UNKNOWN STEP	2026-05-12T16:57:42.2589217Z info: removing previous version of component rustc
Test	UNKNOWN STEP	2026-05-12T16:57:42.2651825Z info: downloading 6 components
Test	UNKNOWN STEP	2026-05-12T16:57:51.8214671Z
Test	UNKNOWN STEP	2026-05-12T16:57:51.8292101Z   stable-x86_64-unknown-linux-gnu updated - rustc 1.95.0 (59807616e 2026-04-14) (from rustc 1.94.1 (e408947bf 2026-03-25))
Test	UNKNOWN STEP	2026-05-12T16:57:51.8293346Z
Test	UNKNOWN STEP	2026-05-12T16:57:51.8391727Z ##[group]Run rustup default stable
Test	UNKNOWN STEP	2026-05-12T16:57:51.8392040Z ^[[36;1mrustup default stable^[[0m
Test	UNKNOWN STEP	2026-05-12T16:57:51.8413515Z shell: /usr/bin/bash --noprofile --norc -e -o pipefail {0}
Test	UNKNOWN STEP	2026-05-12T16:57:51.8413878Z env:
Test	UNKNOWN STEP	2026-05-12T16:57:51.8414102Z   CARGO_HOME: /home/runner/.cargo
Test	UNKNOWN STEP	2026-05-12T16:57:51.8414366Z ##[endgroup]
Test	UNKNOWN STEP	2026-05-12T16:57:51.8506979Z info: using existing install for stable-x86_64-unknown-linux-gnu
Test	UNKNOWN STEP	2026-05-12T16:57:51.8516666Z info: default toolchain set to stable-x86_64-unknown-linux-gnu
Test	UNKNOWN STEP	2026-05-12T16:57:51.8517215Z
Test	UNKNOWN STEP	2026-05-12T16:57:51.8583766Z   stable-x86_64-unknown-linux-gnu unchanged - rustc 1.95.0 (59807616e 2026-04-14)
Test	UNKNOWN STEP	2026-05-12T16:57:51.8584460Z
Test	UNKNOWN STEP	2026-05-12T16:57:51.8620226Z ##[group]Run : create cachekey
Test	UNKNOWN STEP	2026-05-12T16:57:51.8620558Z ^[[36;1m: create cachekey^[[0m
Test	UNKNOWN STEP	2026-05-12T16:57:51.8621086Z ^[[36;1mDATE=$(rustc +stable --version --verbose | sed -ne 's/^commit-date: \(20[0-9][0-9]\)-\([01][0-9]\)-\([0-3][0-9]\)$/\1\2\3/p')^[[0m
Test	UNKNOWN STEP	2026-05-12T16:57:51.8621748Z ^[[36;1mHASH=$(rustc +stable --version --verbose | sed -ne 's/^commit-hash: //p')^[[0m
Test	UNKNOWN STEP	2026-05-12T16:57:51.8622256Z ^[[36;1mecho "cachekey=$(echo $DATE$HASH | head -c12)" >> $GITHUB_OUTPUT^[[0m
Test	UNKNOWN STEP	2026-05-12T16:57:51.8642713Z shell: /usr/bin/bash --noprofile --norc -e -o pipefail {0}
Test	UNKNOWN STEP	2026-05-12T16:57:51.8643079Z env:
Test	UNKNOWN STEP	2026-05-12T16:57:51.8643289Z   CARGO_HOME: /home/runner/.cargo
Test	UNKNOWN STEP	2026-05-12T16:57:51.8643562Z ##[endgroup]
Test	UNKNOWN STEP	2026-05-12T16:57:51.8973981Z ##[group]Run : disable incremental compilation
Test	UNKNOWN STEP	2026-05-12T16:57:51.8974390Z ^[[36;1m: disable incremental compilation^[[0m
Test	UNKNOWN STEP	2026-05-12T16:57:51.8974752Z ^[[36;1mif [ -z "${CARGO_INCREMENTAL+set}" ]; then^[[0m
Test	UNKNOWN STEP	2026-05-12T16:57:51.8975114Z ^[[36;1m  echo CARGO_INCREMENTAL=0 >> $GITHUB_ENV^[[0m
Test	UNKNOWN STEP	2026-05-12T16:57:51.8975429Z ^[[36;1mfi^[[0m
Test	UNKNOWN STEP	2026-05-12T16:57:51.8996151Z shell: /usr/bin/bash --noprofile --norc -e -o pipefail {0}
Test	UNKNOWN STEP	2026-05-12T16:57:51.8996540Z env:
Test	UNKNOWN STEP	2026-05-12T16:57:51.8996787Z   CARGO_HOME: /home/runner/.cargo
Test	UNKNOWN STEP	2026-05-12T16:57:51.8997049Z ##[endgroup]
Test	UNKNOWN STEP	2026-05-12T16:57:51.9058817Z ##[group]Run : enable colors in Cargo output
Test	UNKNOWN STEP	2026-05-12T16:57:51.9059160Z ^[[36;1m: enable colors in Cargo output^[[0m
Test	UNKNOWN STEP	2026-05-12T16:57:51.9059527Z ^[[36;1mif [ -z "${CARGO_TERM_COLOR+set}" ]; then^[[0m
Test	UNKNOWN STEP	2026-05-12T16:57:51.9059877Z ^[[36;1m  echo CARGO_TERM_COLOR=always >> $GITHUB_ENV^[[0m
Test	UNKNOWN STEP	2026-05-12T16:57:51.9060187Z ^[[36;1mfi^[[0m
Test	UNKNOWN STEP	2026-05-12T16:57:51.9079192Z shell: /usr/bin/bash --noprofile --norc -e -o pipefail {0}
Test	UNKNOWN STEP	2026-05-12T16:57:51.9079551Z env:
Test	UNKNOWN STEP	2026-05-12T16:57:51.9079768Z   CARGO_HOME: /home/runner/.cargo
Test	UNKNOWN STEP	2026-05-12T16:57:51.9080274Z   CARGO_INCREMENTAL: 0
Test	UNKNOWN STEP	2026-05-12T16:57:51.9080525Z ##[endgroup]
Test	UNKNOWN STEP	2026-05-12T16:57:51.9162052Z ##[group]Run : enable Cargo sparse registry
Test	UNKNOWN STEP	2026-05-12T16:57:51.9162397Z ^[[36;1m: enable Cargo sparse registry^[[0m
Test	UNKNOWN STEP	2026-05-12T16:57:51.9163254Z ^[[36;1m# implemented in 1.66, stabilized in 1.68, made default in 1.70^[[0m
Test	UNKNOWN STEP	2026-05-12T16:57:51.9163977Z ^[[36;1mif [ -z "${CARGO_REGISTRIES_CRATES_IO_PROTOCOL+set}" -o -f "/home/runner/work/_temp"/.implicit_cargo_registries_crates_io_protocol ]; then^[[0m
Test	UNKNOWN STEP	2026-05-12T16:57:51.9164756Z ^[[36;1m  if rustc +stable --version --verbose | grep -q '^release: 1\.6[89]\.'; then^[[0m
Test	UNKNOWN STEP	2026-05-12T16:57:51.9165338Z ^[[36;1m    touch "/home/runner/work/_temp"/.implicit_cargo_registries_crates_io_protocol || true^[[0m
Test	UNKNOWN STEP	2026-05-12T16:57:51.9165877Z ^[[36;1m    echo CARGO_REGISTRIES_CRATES_IO_PROTOCOL=sparse >> $GITHUB_ENV^[[0m
Test	UNKNOWN STEP	2026-05-12T16:57:51.9166379Z ^[[36;1m  elif rustc +stable --version --verbose | grep -q '^release: 1\.6[67]\.'; then^[[0m
Test	UNKNOWN STEP	2026-05-12T16:57:51.9166959Z ^[[36;1m    touch "/home/runner/work/_temp"/.implicit_cargo_registries_crates_io_protocol || true^[[0m
Test	UNKNOWN STEP	2026-05-12T16:57:51.9167486Z ^[[36;1m    echo CARGO_REGISTRIES_CRATES_IO_PROTOCOL=git >> $GITHUB_ENV^[[0m
Test	UNKNOWN STEP	2026-05-12T16:57:51.9167849Z ^[[36;1m  fi^[[0m
Test	UNKNOWN STEP	2026-05-12T16:57:51.9168048Z ^[[36;1mfi^[[0m
Test	UNKNOWN STEP	2026-05-12T16:57:51.9187474Z shell: /usr/bin/bash --noprofile --norc -e -o pipefail {0}
Test	UNKNOWN STEP	2026-05-12T16:57:51.9187840Z env:
Test	UNKNOWN STEP	2026-05-12T16:57:51.9188052Z   CARGO_HOME: /home/runner/.cargo
Test	UNKNOWN STEP	2026-05-12T16:57:51.9188335Z   CARGO_INCREMENTAL: 0
Test	UNKNOWN STEP	2026-05-12T16:57:51.9188572Z   CARGO_TERM_COLOR: always
Test	UNKNOWN STEP	2026-05-12T16:57:51.9188819Z ##[endgroup]
Test	UNKNOWN STEP	2026-05-12T16:57:51.9498869Z ##[group]Run : work around spurious network errors in curl 8.0
Test	UNKNOWN STEP	2026-05-12T16:57:51.9499349Z ^[[36;1m: work around spurious network errors in curl 8.0^[[0m
Test	UNKNOWN STEP	2026-05-12T16:57:51.9500074Z ^[[36;1m# https://rust-lang.zulipchat.com/#narrow/stream/246057-t-cargo/topic/timeout.20investigation^[[0m
Test	UNKNOWN STEP	2026-05-12T16:57:51.9500751Z ^[[36;1mif rustc +stable --version --verbose | grep -q '^release: 1\.7[01]\.'; then^[[0m
Test	UNKNOWN STEP	2026-05-12T16:57:51.9501241Z ^[[36;1m  echo CARGO_HTTP_MULTIPLEXING=false >> $GITHUB_ENV^[[0m
Test	UNKNOWN STEP	2026-05-12T16:57:51.9501628Z ^[[36;1mfi^[[0m
Test	UNKNOWN STEP	2026-05-12T16:57:51.9522346Z shell: /usr/bin/bash --noprofile --norc -e -o pipefail {0}
Test	UNKNOWN STEP	2026-05-12T16:57:51.9523193Z env:
Test	UNKNOWN STEP	2026-05-12T16:57:51.9523430Z   CARGO_HOME: /home/runner/.cargo
Test	UNKNOWN STEP	2026-05-12T16:57:51.9523782Z   CARGO_INCREMENTAL: 0
Test	UNKNOWN STEP	2026-05-12T16:57:51.9524036Z   CARGO_TERM_COLOR: always
Test	UNKNOWN STEP	2026-05-12T16:57:51.9524275Z ##[endgroup]
Test	UNKNOWN STEP	2026-05-12T16:57:51.9711050Z ##[group]Run rustc +stable --version --verbose
Test	UNKNOWN STEP	2026-05-12T16:57:51.9711422Z ^[[36;1mrustc +stable --version --verbose^[[0m
Test	UNKNOWN STEP	2026-05-12T16:57:51.9731409Z shell: /usr/bin/bash --noprofile --norc -e -o pipefail {0}
Test	UNKNOWN STEP	2026-05-12T16:57:51.9731771Z env:
Test	UNKNOWN STEP	2026-05-12T16:57:51.9731995Z   CARGO_HOME: /home/runner/.cargo
Test	UNKNOWN STEP	2026-05-12T16:57:51.9732260Z   CARGO_INCREMENTAL: 0
Test	UNKNOWN STEP	2026-05-12T16:57:51.9732725Z   CARGO_TERM_COLOR: always
Test	UNKNOWN STEP	2026-05-12T16:57:51.9732971Z ##[endgroup]
Test	UNKNOWN STEP	2026-05-12T16:57:51.9881418Z rustc 1.95.0 (59807616e 2026-04-14)
Test	UNKNOWN STEP	2026-05-12T16:57:51.9882654Z binary: rustc
Test	UNKNOWN STEP	2026-05-12T16:57:51.9883209Z commit-hash: 59807616e1fa2540724bfbac14d7976d7e4a3860
Test	UNKNOWN STEP	2026-05-12T16:57:51.9883622Z commit-date: 2026-04-14
Test	UNKNOWN STEP	2026-05-12T16:57:51.9883928Z host: x86_64-unknown-linux-gnu
Test	UNKNOWN STEP	2026-05-12T16:57:51.9884234Z release: 1.95.0
Test	UNKNOWN STEP	2026-05-12T16:57:51.9884598Z LLVM version: 22.1.2
Test	UNKNOWN STEP	2026-05-12T16:57:51.9956677Z ##[group]Run cargo install wasm-pack --version 0.14.0 --locked
Test	UNKNOWN STEP	2026-05-12T16:57:51.9957167Z ^[[36;1mcargo install wasm-pack --version 0.14.0 --locked^[[0m
Test	UNKNOWN STEP	2026-05-12T16:57:51.9977916Z shell: /usr/bin/bash -e {0}
Test	UNKNOWN STEP	2026-05-12T16:57:51.9978190Z env:
Test	UNKNOWN STEP	2026-05-12T16:57:51.9978404Z   CARGO_HOME: /home/runner/.cargo
Test	UNKNOWN STEP	2026-05-12T16:57:51.9978686Z   CARGO_INCREMENTAL: 0
Test	UNKNOWN STEP	2026-05-12T16:57:51.9978926Z   CARGO_TERM_COLOR: always
Test	UNKNOWN STEP	2026-05-12T16:57:51.9979164Z ##[endgroup]
Test	UNKNOWN STEP	2026-05-12T16:57:52.0255748Z ^[[1m^[[92m    Updating^[[0m crates.io index
Test	UNKNOWN STEP	2026-05-12T16:57:52.0669300Z ^[[1m^[[92m Downloading^[[0m crates ...
Test	UNKNOWN STEP	2026-05-12T16:57:52.2975645Z ^[[1m^[[92m  Downloaded^[[0m wasm-pack v0.14.0
Test	UNKNOWN STEP	2026-05-12T16:57:52.3410383Z ^[[1m^[[92m  Installing^[[0m wasm-pack v0.14.0
Test	UNKNOWN STEP	2026-05-12T16:57:52.3473087Z ^[[1m^[[92m    Updating^[[0m crates.io index
Test	UNKNOWN STEP	2026-05-12T16:57:52.8714085Z ^[[1m^[[92m    Updating^[[0m crates.io index
Test	UNKNOWN STEP	2026-05-12T16:57:53.0022478Z ^[[1m^[[92m Downloading^[[0m crates ...
Test	UNKNOWN STEP	2026-05-12T16:57:53.0474674Z ^[[1m^[[92m  Downloaded^[[0m autocfg v1.5.0
Test	UNKNOWN STEP	2026-05-12T16:57:53.0497123Z ^[[1m^[[92m  Downloaded^[[0m dirs-sys-next v0.1.2
Test	UNKNOWN STEP	2026-05-12T16:57:53.0509248Z ^[[1m^[[92m  Downloaded^[[0m anstyle-query v1.1.5
Test	UNKNOWN STEP	2026-05-12T16:57:53.0524940Z ^[[1m^[[92m  Downloaded^[[0m anstyle-parse v0.2.7
Test	UNKNOWN STEP	2026-05-12T16:57:53.0544390Z ^[[1m^[[92m  Downloaded^[[0m anyhow v1.0.100
Test	UNKNOWN STEP	2026-05-12T16:57:53.0589692Z ^[[1m^[[92m  Downloaded^[[0m rustc-demangle v0.1.27
Test	UNKNOWN STEP	2026-05-12T16:57:53.0610752Z ^[[1m^[[92m  Downloaded^[[0m quote v1.0.43
Test	UNKNOWN STEP	2026-05-12T16:57:53.0644765Z ^[[1m^[[92m  Downloaded^[[0m siphasher v1.0.1
Test	UNKNOWN STEP	2026-05-12T16:57:53.0660386Z ^[[1m^[[92m  Downloaded^[[0m potential_utf v0.1.4
Test	UNKNOWN STEP	2026-05-12T16:57:53.0675178Z ^[[1m^[[92m  Downloaded^[[0m serde_ignored v0.1.14
Test	UNKNOWN STEP	2026-05-12T16:57:53.0691337Z ^[[1m^[[92m  Downloaded^[[0m time-core v0.1.7
Test	UNKNOWN STEP	2026-05-12T16:57:53.0707878Z ^[[1m^[[92m  Downloaded^[[0m xattr v1.6.1
Test	UNKNOWN STEP	2026-05-12T16:57:53.0733033Z ^[[1m^[[92m  Downloaded^[[0m version_check v0.9.5
Test	UNKNOWN STEP	2026-05-12T16:57:53.0750626Z ^[[1m^[[92m  Downloaded^[[0m stable_deref_trait v1.2.1
Test	UNKNOWN STEP	2026-05-12T16:57:53.0762202Z ^[[1m^[[92m  Downloaded^[[0m rustls-pki-types v1.14.0
Test	UNKNOWN STEP	2026-05-12T16:57:53.0796274Z ^[[1m^[[92m  Downloaded^[[0m which v8.0.0
Test	UNKNOWN STEP	2026-05-12T16:57:53.0832022Z ^[[1m^[[92m  Downloaded^[[0m strsim v0.11.1
Test	UNKNOWN STEP	2026-05-12T16:57:53.0850308Z ^[[1m^[[92m  Downloaded^[[0m untrusted v0.9.0
Test	UNKNOWN STEP	2026-05-12T16:57:53.0877425Z ^[[1m^[[92m  Downloaded^[[0m synstructure v0.13.2
Test	UNKNOWN STEP	2026-05-12T16:57:53.0892184Z ^[[1m^[[92m  Downloaded^[[0m unicode-ident v1.0.22
Test	UNKNOWN STEP	2026-05-12T16:57:53.0925096Z ^[[1m^[[92m  Downloaded^[[0m zerofrom v0.1.6
Test	UNKNOWN STEP	2026-05-12T16:57:53.0936437Z ^[[1m^[[92m  Downloaded^[[0m aes v0.8.4
Test	UNKNOWN STEP	2026-05-12T16:57:53.0981741Z ^[[1m^[[92m  Downloaded^[[0m zeroize_derive v1.4.3
Test	UNKNOWN STEP	2026-05-12T16:57:53.1000085Z ^[[1m^[[92m  Downloaded^[[0m yoke-derive v0.8.1
Test	UNKNOWN STEP	2026-05-12T16:57:53.1017463Z ^[[1m^[[92m  Downloaded^[[0m parking_lot_core v0.9.12
Test	UNKNOWN STEP	2026-05-12T16:57:53.1047644Z ^[[1m^[[92m  Downloaded^[[0m webpki-roots v0.26.11
Test	UNKNOWN STEP	2026-05-12T16:57:53.1066981Z ^[[1m^[[92m  Downloaded^[[0m subtle v2.6.1
Test	UNKNOWN STEP	2026-05-12T16:57:53.1084798Z ^[[1m^[[92m  Downloaded^[[0m tinystr v0.8.2
Test	UNKNOWN STEP	2026-05-12T16:57:53.1109439Z ^[[1m^[[92m  Downloaded^[[0m zerovec-derive v0.11.2
Test	UNKNOWN STEP	2026-05-12T16:57:53.1128494Z ^[[1m^[[92m  Downloaded^[[0m toml v0.9.11+spec-1.1.0
Test	UNKNOWN STEP	2026-05-12T16:57:53.1176782Z ^[[1m^[[92m  Downloaded^[[0m toml_datetime v0.7.5+spec-1.1.0
Test	UNKNOWN STEP	2026-05-12T16:57:53.1194874Z ^[[1m^[[92m  Downloaded^[[0m zstd-safe v7.2.4
Test	UNKNOWN STEP	2026-05-12T16:57:53.1217942Z ^[[1m^[[92m  Downloaded^[[0m zeroize v1.8.2
Test	UNKNOWN STEP	2026-05-12T16:57:53.1235465Z ^[[1m^[[92m  Downloaded^[[0m lzma-sys v0.1.20
Test	UNKNOWN STEP	2026-05-12T16:57:53.1556523Z ^[[1m^[[92m  Downloaded^[[0m zstd v0.13.3
Test	UNKNOWN STEP	2026-05-12T16:57:53.1589677Z ^[[1m^[[92m  Downloaded^[[0m writeable v0.6.2
Test	UNKNOWN STEP	2026-05-12T16:57:53.1618001Z ^[[1m^[[92m  Downloaded^[[0m toml_parser v1.0.6+spec-1.1.0
Test	UNKNOWN STEP	2026-05-12T16:57:53.1643928Z ^[[1m^[[92m  Downloaded^[[0m zerotrie v0.2.3
Test	UNKNOWN STEP	2026-05-12T16:57:53.1682418Z ^[[1m^[[92m  Downloaded^[[0m zerofrom-derive v0.1.6
Test	UNKNOWN STEP	2026-05-12T16:57:53.1695062Z ^[[1m^[[92m  Downloaded^[[0m tar v0.4.44
Test	UNKNOWN STEP	2026-05-12T16:57:53.1738247Z ^[[1m^[[92m  Downloaded^[[0m zopfli v0.8.3
Test	UNKNOWN STEP	2026-05-12T16:57:53.1779259Z ^[[1m^[[92m  Downloaded^[[0m zip v2.4.2
Test	UNKNOWN STEP	2026-05-12T16:57:53.1847925Z ^[[1m^[[92m  Downloaded^[[0m serde_core v1.0.228
Test	UNKNOWN STEP	2026-05-12T16:57:53.1889974Z ^[[1m^[[92m  Downloaded^[[0m rustls-webpki v0.103.9
Test	UNKNOWN STEP	2026-05-12T16:57:53.1942089Z ^[[1m^[[92m  Downloaded^[[0m ureq v2.12.1
Test	UNKNOWN STEP	2026-05-12T16:57:53.2020814Z ^[[1m^[[92m  Downloaded^[[0m zerovec v0.11.5
Test	UNKNOWN STEP	2026-05-12T16:57:53.2109268Z ^[[1m^[[92m  Downloaded^[[0m path-clean v1.0.1
Test	UNKNOWN STEP	2026-05-12T16:57:53.2126554Z ^[[1m^[[92m  Downloaded^[[0m litemap v0.8.1
Test	UNKNOWN STEP	2026-05-12T16:57:53.2160906Z ^[[1m^[[92m  Downloaded^[[0m serde_json v1.0.149
Test	UNKNOWN STEP	2026-05-12T16:57:53.2275505Z ^[[1m^[[92m  Downloaded^[[0m linux-raw-sys v0.11.0
Test	UNKNOWN STEP	2026-05-12T16:57:53.2970939Z ^[[1m^[[92m  Downloaded^[[0m winnow v0.7.14
Test	UNKNOWN STEP	2026-05-12T16:57:53.3066569Z ^[[1m^[[92m  Downloaded^[[0m time v0.3.45
Test	UNKNOWN STEP	2026-05-12T16:57:53.3193564Z ^[[1m^[[92m  Downloaded^[[0m sysinfo v0.37.2
Test	UNKNOWN STEP	2026-05-12T16:57:53.3305009Z ^[[1m^[[92m  Downloaded^[[0m unicode-width v0.2.2
Test	UNKNOWN STEP	2026-05-12T16:57:53.3360378Z ^[[1m^[[92m  Downloaded^[[0m webpki-roots v1.0.5
Test	UNKNOWN STEP	2026-05-12T16:57:53.3394145Z ^[[1m^[[92m  Downloaded^[[0m clap_builder v4.5.54
Test	UNKNOWN STEP	2026-05-12T16:57:53.3457482Z ^[[1m^[[92m  Downloaded^[[0m syn v2.0.114
Test	UNKNOWN STEP	2026-05-12T16:57:53.3560052Z ^[[1m^[[92m  Downloaded^[[0m rustix v0.38.44
Test	UNKNOWN STEP	2026-05-12T16:57:53.3816221Z ^[[1m^[[92m  Downloaded^[[0m icu_properties_data v2.1.2
Test	UNKNOWN STEP	2026-05-12T16:57:53.3916758Z ^[[1m^[[92m  Downloaded^[[0m rustls v0.23.36
Test	UNKNOWN STEP	2026-05-12T16:57:53.4031893Z ^[[1m^[[92m  Downloaded^[[0m utf8parse v0.2.2
Test	UNKNOWN STEP	2026-05-12T16:57:53.4041868Z ^[[1m^[[92m  Downloaded^[[0m url v2.5.8
Test	UNKNOWN STEP	2026-05-12T16:57:53.4068385Z ^[[1m^[[92m  Downloaded^[[0m typenum v1.19.0
Test	UNKNOWN STEP	2026-05-12T16:57:53.4096825Z ^[[1m^[[92m  Downloaded^[[0m rustix v1.1.3
Test	UNKNOWN STEP	2026-05-12T16:57:53.4361167Z ^[[1m^[[92m  Downloaded^[[0m num-conv v0.1.0
Test	UNKNOWN STEP	2026-05-12T16:57:53.4370644Z ^[[1m^[[92m  Downloaded^[[0m serde v1.0.228
Test	UNKNOWN STEP	2026-05-12T16:57:53.4404807Z ^[[1m^[[92m  Downloaded^[[0m glob v0.3.3
Test	UNKNOWN STEP	2026-05-12T16:57:53.4420332Z ^[[1m^[[92m  Downloaded^[[0m serde_derive v1.0.228
Test	UNKNOWN STEP	2026-05-12T16:57:53.4450005Z ^[[1m^[[92m  Downloaded^[[0m object v0.37.3
Test	UNKNOWN STEP	2026-05-12T16:57:53.4556153Z ^[[1m^[[92m  Downloaded^[[0m xz2 v0.1.7
Test	UNKNOWN STEP	2026-05-12T16:57:53.4572861Z ^[[1m^[[92m  Downloaded^[[0m uuid v1.19.0
Test	UNKNOWN STEP	2026-05-12T16:57:53.4601834Z ^[[1m^[[92m  Downloaded^[[0m find-msvc-tools v0.1.8
Test	UNKNOWN STEP	2026-05-12T16:57:53.4617904Z ^[[1m^[[92m  Downloaded^[[0m thiserror-impl v2.0.18
Test	UNKNOWN STEP	2026-05-12T16:57:53.4633228Z ^[[1m^[[92m  Downloaded^[[0m tempfile v3.24.0
Test	UNKNOWN STEP	2026-05-12T16:57:53.4657898Z ^[[1m^[[92m  Downloaded^[[0m smallvec v1.15.1
Test	UNKNOWN STEP	2026-05-12T16:57:53.4678980Z ^[[1m^[[92m  Downloaded^[[0m num-traits v0.2.19
Test	UNKNOWN STEP	2026-05-12T16:57:53.4704932Z ^[[1m^[[92m  Downloaded^[[0m adler2 v2.0.1
Test	UNKNOWN STEP	2026-05-12T16:57:53.4717783Z ^[[1m^[[92m  Downloaded^[[0m libc v0.2.180
Test	UNKNOWN STEP	2026-05-12T16:57:53.5096179Z ^[[1m^[[92m  Downloaded^[[0m iana-time-zone v0.1.64
Test	UNKNOWN STEP	2026-05-12T16:57:53.5122625Z ^[[1m^[[92m  Downloaded^[[0m is_terminal_polyfill v1.70.2
Test	UNKNOWN STEP	2026-05-12T16:57:53.5132469Z ^[[1m^[[92m  Downloaded^[[0m walkdir v2.5.0
Test	UNKNOWN STEP	2026-05-12T16:57:53.5151587Z ^[[1m^[[92m  Downloaded^[[0m zstd-sys v2.0.16+zstd.1.5.7
Test	UNKNOWN STEP	2026-05-12T16:57:53.5308566Z ^[[1m^[[92m  Downloaded^[[0m env_logger v0.11.8
Test	UNKNOWN STEP	2026-05-12T16:57:53.5332999Z ^[[1m^[[92m  Downloaded^[[0m zmij v1.0.16
Test	UNKNOWN STEP	2026-05-12T16:57:53.5350948Z ^[[1m^[[92m  Downloaded^[[0m yoke v0.8.1
Test	UNKNOWN STEP	2026-05-12T16:57:53.5368497Z ^[[1m^[[92m  Downloaded^[[0m semver v1.0.27
Test	UNKNOWN STEP	2026-05-12T16:57:53.5391288Z ^[[1m^[[92m  Downloaded^[[0m same-file v1.0.6
Test	UNKNOWN STEP	2026-05-12T16:57:53.5405301Z ^[[1m^[[92m  Downloaded^[[0m form_urlencoded v1.2.2
Test	UNKNOWN STEP	2026-05-12T16:57:53.5413641Z ^[[1m^[[92m  Downloaded^[[0m thiserror v2.0.18
Test	UNKNOWN STEP	2026-05-12T16:57:53.5477390Z ^[[1m^[[92m  Downloaded^[[0m indexmap v2.13.0
Test	UNKNOWN STEP	2026-05-12T16:57:53.5519128Z ^[[1m^[[92m  Downloaded^[[0m chrono v0.4.43
Test	UNKNOWN STEP	2026-05-12T16:57:53.5583517Z ^[[1m^[[92m  Downloaded^[[0m shlex v1.3.0
Test	UNKNOWN STEP	2026-05-12T16:57:53.5595969Z ^[[1m^[[92m  Downloaded^[[0m proc-macro2 v1.0.105
Test	UNKNOWN STEP	2026-05-12T16:57:53.5625383Z ^[[1m^[[92m  Downloaded^[[0m toml_writer v1.0.6+spec-1.1.0
Test	UNKNOWN STEP	2026-05-12T16:57:53.5638773Z ^[[1m^[[92m  Downloaded^[[0m memchr v2.7.6
Test	UNKNOWN STEP	2026-05-12T16:57:53.5694176Z ^[[1m^[[92m  Downloaded^[[0m crc-catalog v2.4.0
Test	UNKNOWN STEP	2026-05-12T16:57:53.5706122Z ^[[1m^[[92m  Downloaded^[[0m simd-adler32 v0.3.8
Test	UNKNOWN STEP	2026-05-12T16:57:53.5724525Z ^[[1m^[[92m  Downloaded^[[0m sha1 v0.10.6
Test	UNKNOWN STEP	2026-05-12T16:57:53.5741177Z ^[[1m^[[92m  Downloaded^[[0m icu_locale_core v2.1.1
Test	UNKNOWN STEP	2026-05-12T16:57:53.5808618Z ^[[1m^[[92m  Downloaded^[[0m icu_collections v2.1.1
Test	UNKNOWN STEP	2026-05-12T16:57:53.5868542Z ^[[1m^[[92m  Downloaded^[[0m heck v0.5.0
Test	UNKNOWN STEP	2026-05-12T16:57:53.5881495Z ^[[1m^[[92m  Downloaded^[[0m addr2line v0.25.1
Test	UNKNOWN STEP	2026-05-12T16:57:53.5899633Z ^[[1m^[[92m  Downloaded^[[0m miniz_oxide v0.8.9
Test	UNKNOWN STEP	2026-05-12T16:57:53.5924516Z ^[[1m^[[92m  Downloaded^[[0m icu_provider v2.1.1
Test	UNKNOWN STEP	2026-05-12T16:57:53.5949875Z ^[[1m^[[92m  Downloaded^[[0m gimli v0.32.3
Test	UNKNOWN STEP	2026-05-12T16:57:53.6017329Z ^[[1m^[[92m  Downloaded^[[0m getrandom v0.3.4
Test	UNKNOWN STEP	2026-05-12T16:57:53.6051236Z ^[[1m^[[92m  Downloaded^[[0m flate2 v1.1.8
Test	UNKNOWN STEP	2026-05-12T16:57:53.6099798Z ^[[1m^[[92m  Downloaded^[[0m digest v0.10.7
Test	UNKNOWN STEP	2026-05-12T16:57:53.6118737Z ^[[1m^[[92m  Downloaded^[[0m console v0.16.2
Test	UNKNOWN STEP	2026-05-12T16:57:53.6136437Z ^[[1m^[[92m  Downloaded^[[0m siphasher v0.3.11
Test	UNKNOWN STEP	2026-05-12T16:57:53.6148991Z ^[[1m^[[92m  Downloaded^[[0m hashbrown v0.16.1
Test	UNKNOWN STEP	2026-05-12T16:57:53.6198624Z ^[[1m^[[92m  Downloaded^[[0m errno v0.3.14
Test	UNKNOWN STEP	2026-05-12T16:57:53.6214703Z ^[[1m^[[92m  Downloaded^[[0m cargo-platform v0.3.2
Test	UNKNOWN STEP	2026-05-12T16:57:53.6227448Z ^[[1m^[[92m  Downloaded^[[0m backtrace v0.3.76
Test	UNKNOWN STEP	2026-05-12T16:57:53.6276915Z ^[[1m^[[92m  Downloaded^[[0m parking_lot v0.12.5
Test	UNKNOWN STEP	2026-05-12T16:57:53.6301372Z ^[[1m^[[92m  Downloaded^[[0m once_cell v1.21.3
Test	UNKNOWN STEP	2026-05-12T16:57:53.6326904Z ^[[1m^[[92m  Downloaded^[[0m lzma-rs v0.3.0
Test	UNKNOWN STEP	2026-05-12T16:57:53.6353019Z ^[[1m^[[92m  Downloaded^[[0m clap_derive v4.5.49
Test	UNKNOWN STEP	2026-05-12T16:57:53.6374585Z ^[[1m^[[92m  Downloaded^[[0m bumpalo v3.19.1
Test	UNKNOWN STEP	2026-05-12T16:57:53.6399888Z ^[[1m^[[92m  Downloaded^[[0m binary-install v0.4.1
Test	UNKNOWN STEP	2026-05-12T16:57:53.6419133Z ^[[1m^[[92m  Downloaded^[[0m anstyle v1.0.13
Test	UNKNOWN STEP	2026-05-12T16:57:53.6434096Z ^[[1m^[[92m  Downloaded^[[0m percent-encoding v2.3.2
Test	UNKNOWN STEP	2026-05-12T16:57:53.6442883Z ^[[1m^[[92m  Downloaded^[[0m ring v0.17.14
Test	UNKNOWN STEP	2026-05-12T16:57:53.6856276Z ^[[1m^[[92m  Downloaded^[[0m pbkdf2 v0.12.2
Test	UNKNOWN STEP	2026-05-12T16:57:53.6870253Z ^[[1m^[[92m  Downloaded^[[0m idna_adapter v1.2.1
Test	UNKNOWN STEP	2026-05-12T16:57:53.6880465Z ^[[1m^[[92m  Downloaded^[[0m icu_normalizer_data v2.1.1
Test	UNKNOWN STEP	2026-05-12T16:57:53.6903879Z ^[[1m^[[92m  Downloaded^[[0m cpufeatures v0.2.17
Test	UNKNOWN STEP	2026-05-12T16:57:53.6917101Z ^[[1m^[[92m  Downloaded^[[0m cc v1.2.53
Test	UNKNOWN STEP	2026-05-12T16:57:53.6946393Z ^[[1m^[[92m  Downloaded^[[0m bzip2 v0.5.2
Test	UNKNOWN STEP	2026-05-12T16:57:53.6963938Z ^[[1m^[[92m  Downloaded^[[0m base64 v0.22.1
Test	UNKNOWN STEP	2026-05-12T16:57:53.7000682Z ^[[1m^[[92m  Downloaded^[[0m utf8_iter v1.0.4
Test	UNKNOWN STEP	2026-05-12T16:57:53.7010514Z ^[[1m^[[92m  Downloaded^[[0m socks v0.3.4
Test	UNKNOWN STEP	2026-05-12T16:57:53.7023892Z ^[[1m^[[92m  Downloaded^[[0m serde_spanned v1.0.4
Test	UNKNOWN STEP	2026-05-12T16:57:53.7036357Z ^[[1m^[[92m  Downloaded^[[0m log v0.4.29
Test	UNKNOWN STEP	2026-05-12T16:57:53.7060055Z ^[[1m^[[92m  Downloaded^[[0m lock_api v0.4.14
Test	UNKNOWN STEP	2026-05-12T16:57:53.7072064Z ^[[1m^[[92m  Downloaded^[[0m itoa v1.0.17
Test	UNKNOWN STEP	2026-05-12T16:57:53.7086460Z ^[[1m^[[92m  Downloaded^[[0m is_executable v0.1.2
Test	UNKNOWN STEP	2026-05-12T16:57:53.7098744Z ^[[1m^[[92m  Downloaded^[[0m inout v0.1.4
Test	UNKNOWN STEP	2026-05-12T16:57:53.7109284Z ^[[1m^[[92m  Downloaded^[[0m idna v1.1.0
Test	UNKNOWN STEP	2026-05-12T16:57:53.7142884Z ^[[1m^[[92m  Downloaded^[[0m icu_normalizer v2.1.1
Test	UNKNOWN STEP	2026-05-12T16:57:53.7176747Z ^[[1m^[[92m  Downloaded^[[0m hmac v0.12.1
Test	UNKNOWN STEP	2026-05-12T16:57:53.7196192Z ^[[1m^[[92m  Downloaded^[[0m hex v0.4.3
Test	UNKNOWN STEP	2026-05-12T16:57:53.7211329Z ^[[1m^[[92m  Downloaded^[[0m filetime v0.2.27
Test	UNKNOWN STEP	2026-05-12T16:57:53.7228540Z ^[[1m^[[92m  Downloaded^[[0m clap_lex v0.7.7
Test	UNKNOWN STEP	2026-05-12T16:57:53.7239083Z ^[[1m^[[92m  Downloaded^[[0m jobserver v0.1.34
Test	UNKNOWN STEP	2026-05-12T16:57:53.7258968Z ^[[1m^[[92m  Downloaded^[[0m crc32fast v1.5.0
Test	UNKNOWN STEP	2026-05-12T16:57:53.7277082Z ^[[1m^[[92m  Downloaded^[[0m cargo_metadata v0.23.1
Test	UNKNOWN STEP	2026-05-12T16:57:53.7294741Z ^[[1m^[[92m  Downloaded^[[0m displaydoc v0.2.5
Test	UNKNOWN STEP	2026-05-12T16:57:53.7323934Z ^[[1m^[[92m  Downloaded^[[0m colorchoice v1.0.4
Test	UNKNOWN STEP	2026-05-12T16:57:53.7333488Z ^[[1m^[[92m  Downloaded^[[0m human-panic v2.0.6
Test	UNKNOWN STEP	2026-05-12T16:57:53.7344943Z ^[[1m^[[92m  Downloaded^[[0m env_filter v0.1.4
Test	UNKNOWN STEP	2026-05-12T16:57:53.7357876Z ^[[1m^[[92m  Downloaded^[[0m dirs-next v2.0.0
Test	UNKNOWN STEP	2026-05-12T16:57:53.7368840Z ^[[1m^[[92m  Downloaded^[[0m anstream v0.6.21
Test	UNKNOWN STEP	2026-05-12T16:57:53.7388086Z ^[[1m^[[92m  Downloaded^[[0m getrandom v0.2.17
Test	UNKNOWN STEP	2026-05-12T16:57:53.7416387Z ^[[1m^[[92m  Downloaded^[[0m fs4 v0.6.6
Test	UNKNOWN STEP	2026-05-12T16:57:53.7439856Z ^[[1m^[[92m  Downloaded^[[0m dialoguer v0.12.0
Test	UNKNOWN STEP	2026-05-12T16:57:53.7474181Z ^[[1m^[[92m  Downloaded^[[0m deflate64 v0.1.10
Test	UNKNOWN STEP	2026-05-12T16:57:53.7490131Z ^[[1m^[[92m  Downloaded^[[0m cipher v0.4.4
Test	UNKNOWN STEP	2026-05-12T16:57:53.7505426Z ^[[1m^[[92m  Downloaded^[[0m block-buffer v0.10.4
Test	UNKNOWN STEP	2026-05-12T16:57:53.7515521Z ^[[1m^[[92m  Downloaded^[[0m shell-words v1.1.1
Test	UNKNOWN STEP	2026-05-12T16:57:53.7525486Z ^[[1m^[[92m  Downloaded^[[0m icu_properties v2.1.2
Test	UNKNOWN STEP	2026-05-12T16:57:53.7546866Z ^[[1m^[[92m  Downloaded^[[0m generic-array v0.14.7
Test	UNKNOWN STEP	2026-05-12T16:57:53.7560254Z ^[[1m^[[92m  Downloaded^[[0m fastrand v2.3.0
Test	UNKNOWN STEP	2026-05-12T16:57:53.7572405Z ^[[1m^[[92m  Downloaded^[[0m equivalent v1.0.2
Test	UNKNOWN STEP	2026-05-12T16:57:53.7581972Z ^[[1m^[[92m  Downloaded^[[0m env_home v0.1.0
Test	UNKNOWN STEP	2026-05-12T16:57:53.7597642Z ^[[1m^[[92m  Downloaded^[[0m deranged v0.5.5
Test	UNKNOWN STEP	2026-05-12T16:57:53.7610656Z ^[[1m^[[92m  Downloaded^[[0m crypto-common v0.1.7
Test	UNKNOWN STEP	2026-05-12T16:57:53.7619749Z ^[[1m^[[92m  Downloaded^[[0m cfg-if v1.0.4
Test	UNKNOWN STEP	2026-05-12T16:57:53.7632636Z ^[[1m^[[92m  Downloaded^[[0m bitflags v2.10.0
Test	UNKNOWN STEP	2026-05-12T16:57:53.7674149Z ^[[1m^[[92m  Downloaded^[[0m crc v3.4.0
Test	UNKNOWN STEP	2026-05-12T16:57:53.7693775Z ^[[1m^[[92m  Downloaded^[[0m clap v4.5.54
Test	UNKNOWN STEP	2026-05-12T16:57:53.7786582Z ^[[1m^[[92m  Downloaded^[[0m camino v1.2.2
Test	UNKNOWN STEP	2026-05-12T16:57:53.7806176Z ^[[1m^[[92m  Downloaded^[[0m byteorder v1.5.0
Test	UNKNOWN STEP	2026-05-12T16:57:53.7821424Z ^[[1m^[[92m  Downloaded^[[0m linux-raw-sys v0.4.15
Test	UNKNOWN STEP	2026-05-12T16:57:53.8257591Z ^[[1m^[[92m  Downloaded^[[0m constant_time_eq v0.3.1
Test	UNKNOWN STEP	2026-05-12T16:57:53.8270197Z ^[[1m^[[92m  Downloaded^[[0m bzip2-sys v0.1.13+1.0.8
Test	UNKNOWN STEP	2026-05-12T16:57:53.8373916Z ^[[1m^[[92m  Downloaded^[[0m scopeguard v1.2.0
Test	UNKNOWN STEP	2026-05-12T16:57:53.8385182Z ^[[1m^[[92m  Downloaded^[[0m powerfmt v0.2.0
Test	UNKNOWN STEP	2026-05-12T16:57:53.8395879Z ^[[1m^[[92m  Downloaded^[[0m pkg-config v0.3.32
Test	UNKNOWN STEP	2026-05-12T16:57:53.9007334Z ^[[1m^[[92m   Compiling^[[0m libc v0.2.180
Test	UNKNOWN STEP	2026-05-12T16:57:53.9008013Z ^[[1m^[[92m   Compiling^[[0m proc-macro2 v1.0.105
Test	UNKNOWN STEP	2026-05-12T16:57:53.9008660Z ^[[1m^[[92m   Compiling^[[0m unicode-ident v1.0.22
Test	UNKNOWN STEP	2026-05-12T16:57:53.9009317Z ^[[1m^[[92m   Compiling^[[0m quote v1.0.43
Test	UNKNOWN STEP	2026-05-12T16:57:53.9566057Z ^[[1m^[[92m   Compiling^[[0m find-msvc-tools v0.1.8
Test	UNKNOWN STEP	2026-05-12T16:57:54.0458838Z ^[[1m^[[92m   Compiling^[[0m shlex v1.3.0
Test	UNKNOWN STEP	2026-05-12T16:57:54.1563124Z ^[[1m^[[92m   Compiling^[[0m cfg-if v1.0.4
Test	UNKNOWN STEP	2026-05-12T16:57:54.1894238Z ^[[1m^[[92m   Compiling^[[0m pkg-config v0.3.32
Test	UNKNOWN STEP	2026-05-12T16:57:54.7025118Z ^[[1m^[[92m   Compiling^[[0m serde_core v1.0.228
Test	UNKNOWN STEP	2026-05-12T16:57:54.8484094Z ^[[1m^[[92m   Compiling^[[0m syn v2.0.114
Test	UNKNOWN STEP	2026-05-12T16:57:54.8527104Z ^[[1m^[[92m   Compiling^[[0m stable_deref_trait v1.2.1
Test	UNKNOWN STEP	2026-05-12T16:57:54.8933764Z ^[[1m^[[92m   Compiling^[[0m version_check v0.9.5
Test	UNKNOWN STEP	2026-05-12T16:57:54.9944331Z ^[[1m^[[92m   Compiling^[[0m jobserver v0.1.34
Test	UNKNOWN STEP	2026-05-12T16:57:55.0234844Z ^[[1m^[[92m   Compiling^[[0m typenum v1.19.0
Test	UNKNOWN STEP	2026-05-12T16:57:55.1024253Z ^[[1m^[[92m   Compiling^[[0m generic-array v0.14.7
Test	UNKNOWN STEP	2026-05-12T16:57:55.1744159Z ^[[1m^[[92m   Compiling^[[0m cc v1.2.53
Test	UNKNOWN STEP	2026-05-12T16:57:56.4923922Z ^[[1m^[[92m   Compiling^[[0m litemap v0.8.1
Test	UNKNOWN STEP	2026-05-12T16:57:56.6353903Z ^[[1m^[[92m   Compiling^[[0m memchr v2.7.6
Test	UNKNOWN STEP	2026-05-12T16:57:56.6653858Z ^[[1m^[[92m   Compiling^[[0m writeable v0.6.2
Test	UNKNOWN STEP	2026-05-12T16:57:56.8253908Z ^[[1m^[[92m   Compiling^[[0m bitflags v2.10.0
Test	UNKNOWN STEP	2026-05-12T16:57:57.1553923Z ^[[1m^[[92m   Compiling^[[0m crypto-common v0.1.7
Test	UNKNOWN STEP	2026-05-12T16:57:57.2154030Z ^[[1m^[[92m   Compiling^[[0m icu_properties_data v2.1.2
Test	UNKNOWN STEP	2026-05-12T16:57:57.2873750Z ^[[1m^[[92m   Compiling^[[0m rustix v1.1.3
Test	UNKNOWN STEP	2026-05-12T16:57:57.4723768Z ^[[1m^[[92m   Compiling^[[0m getrandom v0.3.4
Test	UNKNOWN STEP	2026-05-12T16:57:57.6283788Z ^[[1m^[[92m   Compiling^[[0m subtle v2.6.1
Test	UNKNOWN STEP	2026-05-12T16:57:57.7139768Z ^[[1m^[[92m   Compiling^[[0m simd-adler32 v0.3.8
Test	UNKNOWN STEP	2026-05-12T16:57:57.7153069Z ^[[1m^[[92m   Compiling^[[0m icu_normalizer_data v2.1.1
Test	UNKNOWN STEP	2026-05-12T16:57:57.7894361Z ^[[1m^[[92m   Compiling^[[0m smallvec v1.15.1
Test	UNKNOWN STEP	2026-05-12T16:57:57.9841682Z ^[[1m^[[92m   Compiling^[[0m zstd-sys v2.0.16+zstd.1.5.7
Test	UNKNOWN STEP	2026-05-12T16:57:57.9897428Z ^[[1m^[[92m   Compiling^[[0m ring v0.17.14
Test	UNKNOWN STEP	2026-05-12T16:57:58.1821736Z ^[[1m^[[92m   Compiling^[[0m synstructure v0.13.2
Test	UNKNOWN STEP	2026-05-12T16:57:58.2543979Z ^[[1m^[[92m   Compiling^[[0m linux-raw-sys v0.11.0
Test	UNKNOWN STEP	2026-05-12T16:57:58.3164983Z ^[[1m^[[92m   Compiling^[[0m log v0.4.29
Test	UNKNOWN STEP	2026-05-12T16:57:58.4934192Z ^[[1m^[[92m   Compiling^[[0m adler2 v2.0.1
Test	UNKNOWN STEP	2026-05-12T16:57:58.5754197Z ^[[1m^[[92m   Compiling^[[0m crc32fast v1.5.0
Test	UNKNOWN STEP	2026-05-12T16:57:58.6663673Z ^[[1m^[[92m   Compiling^[[0m miniz_oxide v0.8.9
Test	UNKNOWN STEP	2026-05-12T16:57:59.7581240Z ^[[1m^[[92m   Compiling^[[0m zerofrom-derive v0.1.6
Test	UNKNOWN STEP	2026-05-12T16:58:00.3433720Z ^[[1m^[[92m   Compiling^[[0m yoke-derive v0.8.1
Test	UNKNOWN STEP	2026-05-12T16:58:00.8103947Z ^[[1m^[[92m   Compiling^[[0m zerofrom v0.1.6
Test	UNKNOWN STEP	2026-05-12T16:58:00.8763918Z ^[[1m^[[92m   Compiling^[[0m displaydoc v0.2.5
Test	UNKNOWN STEP	2026-05-12T16:58:01.1383904Z ^[[1m^[[92m   Compiling^[[0m yoke v0.8.1
Test	UNKNOWN STEP	2026-05-12T16:58:01.2694229Z ^[[1m^[[92m   Compiling^[[0m zerovec-derive v0.11.2
Test	UNKNOWN STEP	2026-05-12T16:58:01.3354869Z ^[[1m^[[92m   Compiling^[[0m zeroize_derive v1.4.3
Test	UNKNOWN STEP	2026-05-12T16:58:01.4114307Z ^[[1m^[[92m   Compiling^[[0m zerotrie v0.2.3
Test	UNKNOWN STEP	2026-05-12T16:58:01.7333642Z ^[[1m^[[92m   Compiling^[[0m zeroize v1.8.2
Test	UNKNOWN STEP	2026-05-12T16:58:01.8393644Z ^[[1m^[[92m   Compiling^[[0m rustls-pki-types v1.14.0
Test	UNKNOWN STEP	2026-05-12T16:58:02.1704438Z ^[[1m^[[92m   Compiling^[[0m zerovec v0.11.5
Test	UNKNOWN STEP	2026-05-12T16:58:02.7444022Z ^[[1m^[[92m   Compiling^[[0m tinystr v0.8.2
Test	UNKNOWN STEP	2026-05-12T16:58:02.8043994Z ^[[1m^[[92m   Compiling^[[0m potential_utf v0.1.4
Test	UNKNOWN STEP	2026-05-12T16:58:02.8680688Z ^[[1m^[[92m   Compiling^[[0m icu_locale_core v2.1.1
Test	UNKNOWN STEP	2026-05-12T16:58:02.8852121Z ^[[1m^[[92m   Compiling^[[0m icu_collections v2.1.1
Test	UNKNOWN STEP	2026-05-12T16:58:03.5803706Z ^[[1m^[[92m   Compiling^[[0m icu_provider v2.1.1
Test	UNKNOWN STEP	2026-05-12T16:58:03.8971601Z ^[[1m^[[92m   Compiling^[[0m block-buffer v0.10.4
Test	UNKNOWN STEP	2026-05-12T16:58:03.9490011Z ^[[1m^[[92m   Compiling^[[0m serde v1.0.228
Test	UNKNOWN STEP	2026-05-12T16:58:04.0720789Z ^[[1m^[[92m   Compiling^[[0m zmij v1.0.16
Test	UNKNOWN STEP	2026-05-12T16:58:04.1538432Z ^[[1m^[[92m   Compiling^[[0m once_cell v1.21.3
Test	UNKNOWN STEP	2026-05-12T16:58:04.2943786Z ^[[1m^[[92m   Compiling^[[0m digest v0.10.7
Test	UNKNOWN STEP	2026-05-12T16:58:04.4365919Z ^[[1m^[[92m   Compiling^[[0m icu_normalizer v2.1.1
Test	UNKNOWN STEP	2026-05-12T16:58:05.1905474Z ^[[1m^[[92m   Compiling^[[0m icu_properties v2.1.2
Test	UNKNOWN STEP	2026-05-12T16:58:05.6064032Z ^[[1m^[[92m   Compiling^[[0m serde_derive v1.0.228
Test	UNKNOWN STEP	2026-05-12T16:58:06.9734621Z ^[[1m^[[92m   Compiling^[[0m bzip2-sys v0.1.13+1.0.8
Test	UNKNOWN STEP	2026-05-12T16:58:07.0853907Z ^[[1m^[[92m   Compiling^[[0m lzma-sys v0.1.20
Test	UNKNOWN STEP	2026-05-12T16:58:07.3573776Z ^[[1m^[[92m   Compiling^[[0m getrandom v0.2.17
Test	UNKNOWN STEP	2026-05-12T16:58:07.5013949Z ^[[1m^[[92m   Compiling^[[0m byteorder v1.5.0
Test	UNKNOWN STEP	2026-05-12T16:58:07.6913921Z ^[[1m^[[92m   Compiling^[[0m untrusted v0.9.0
Test	UNKNOWN STEP	2026-05-12T16:58:07.7449870Z ^[[1m^[[92m   Compiling^[[0m thiserror v2.0.18
Test	UNKNOWN STEP	2026-05-12T16:58:07.8552368Z ^[[1m^[[92m   Compiling^[[0m utf8parse v0.2.2
Test	UNKNOWN STEP	2026-05-12T16:58:07.8969723Z ^[[1m^[[92m   Compiling^[[0m zstd-safe v7.2.4
Test	UNKNOWN STEP	2026-05-12T16:58:07.9773877Z ^[[1m^[[92m   Compiling^[[0m serde_json v1.0.149
Test	UNKNOWN STEP	2026-05-12T16:58:08.0664060Z ^[[1m^[[92m   Compiling^[[0m anstyle-parse v0.2.7
Test	UNKNOWN STEP	2026-05-12T16:58:13.8310871Z ^[[1m^[[92m   Compiling^[[0m idna_adapter v1.2.1
Test	UNKNOWN STEP	2026-05-12T16:58:14.1673926Z ^[[1m^[[92m   Compiling^[[0m thiserror-impl v2.0.18
Test	UNKNOWN STEP	2026-05-12T16:58:14.8612234Z ^[[1m^[[92m   Compiling^[[0m inout v0.1.4
Test	UNKNOWN STEP	2026-05-12T16:58:14.9275182Z ^[[1m^[[92m   Compiling^[[0m percent-encoding v2.3.2
Test	UNKNOWN STEP	2026-05-12T16:58:15.1081631Z ^[[1m^[[92m   Compiling^[[0m crc-catalog v2.4.0
Test	UNKNOWN STEP	2026-05-12T16:58:15.1395082Z ^[[1m^[[92m   Compiling^[[0m autocfg v1.5.0
Test	UNKNOWN STEP	2026-05-12T16:58:15.2057262Z ^[[1m^[[92m   Compiling^[[0m object v0.37.3
Test	UNKNOWN STEP	2026-05-12T16:58:15.2914212Z ^[[1m^[[92m   Compiling^[[0m anstyle-query v1.1.5
Test	UNKNOWN STEP	2026-05-12T16:58:15.3256620Z ^[[1m^[[92m   Compiling^[[0m is_terminal_polyfill v1.70.2
Test	UNKNOWN STEP	2026-05-12T16:58:15.3490998Z ^[[1m^[[92m   Compiling^[[0m powerfmt v0.2.0
Test	UNKNOWN STEP	2026-05-12T16:58:15.4232092Z ^[[1m^[[92m   Compiling^[[0m utf8_iter v1.0.4
Test	UNKNOWN STEP	2026-05-12T16:58:15.5100643Z ^[[1m^[[92m   Compiling^[[0m rustix v0.38.44
Test	UNKNOWN STEP	2026-05-12T16:58:15.5133652Z ^[[1m^[[92m   Compiling^[[0m colorchoice v1.0.4
Test	UNKNOWN STEP	2026-05-12T16:58:15.5504150Z ^[[1m^[[92m   Compiling^[[0m anstyle v1.0.13
Test	UNKNOWN STEP	2026-05-12T16:58:15.6785607Z ^[[1m^[[92m   Compiling^[[0m itoa v1.0.17
Test	UNKNOWN STEP	2026-05-12T16:58:15.7285046Z ^[[1m^[[92m   Compiling^[[0m cpufeatures v0.2.17
Test	UNKNOWN STEP	2026-05-12T16:58:15.7545402Z ^[[1m^[[92m   Compiling^[[0m rustls v0.23.36
Test	UNKNOWN STEP	2026-05-12T16:58:15.8446017Z ^[[1m^[[92m   Compiling^[[0m anstream v0.6.21
Test	UNKNOWN STEP	2026-05-12T16:58:16.3037268Z ^[[1m^[[92m   Compiling^[[0m idna v1.1.0
Test	UNKNOWN STEP	2026-05-12T16:58:18.5416056Z ^[[1m^[[92m   Compiling^[[0m deranged v0.5.5
Test	UNKNOWN STEP	2026-05-12T16:58:18.6574300Z ^[[1m^[[92m   Compiling^[[0m num-traits v0.2.19
Test	UNKNOWN STEP	2026-05-12T16:58:18.7626072Z ^[[1m^[[92m   Compiling^[[0m crc v3.4.0
Test	UNKNOWN STEP	2026-05-12T16:58:18.9054963Z ^[[1m^[[92m   Compiling^[[0m form_urlencoded v1.2.2
Test	UNKNOWN STEP	2026-05-12T16:58:19.0933860Z ^[[1m^[[92m   Compiling^[[0m cipher v0.4.4
Test	UNKNOWN STEP	2026-05-12T16:58:19.3131369Z ^[[1m^[[92m   Compiling^[[0m rustls-webpki v0.103.9
Test	UNKNOWN STEP	2026-05-12T16:58:19.7011247Z ^[[1m^[[92m   Compiling^[[0m flate2 v1.1.8
Test	UNKNOWN STEP	2026-05-12T16:58:20.1184902Z ^[[1m^[[92m   Compiling^[[0m hmac v0.12.1
Test	UNKNOWN STEP	2026-05-12T16:58:20.1994232Z ^[[1m^[[92m   Compiling^[[0m webpki-roots v1.0.5
Test	UNKNOWN STEP	2026-05-12T16:58:20.2609922Z ^[[1m^[[92m   Compiling^[[0m linux-raw-sys v0.4.15
Test	UNKNOWN STEP	2026-05-12T16:58:20.5035902Z ^[[1m^[[92m   Compiling^[[0m camino v1.2.2
Test	UNKNOWN STEP	2026-05-12T16:58:20.6417253Z ^[[1m^[[92m   Compiling^[[0m anyhow v1.0.100
Test	UNKNOWN STEP	2026-05-12T16:58:20.7810527Z ^[[1m^[[92m   Compiling^[[0m zip v2.4.2
Test	UNKNOWN STEP	2026-05-12T16:58:20.8537759Z ^[[1m^[[92m   Compiling^[[0m gimli v0.32.3
Test	UNKNOWN STEP	2026-05-12T16:58:21.6904157Z ^[[1m^[[92m   Compiling^[[0m hashbrown v0.16.1
Test	UNKNOWN STEP	2026-05-12T16:58:22.0214540Z ^[[1m^[[92m   Compiling^[[0m equivalent v1.0.2
Test	UNKNOWN STEP	2026-05-12T16:58:22.0513841Z ^[[1m^[[92m   Compiling^[[0m parking_lot_core v0.9.12
Test	UNKNOWN STEP	2026-05-12T16:58:22.1544100Z ^[[1m^[[92m   Compiling^[[0m winnow v0.7.14
Test	UNKNOWN STEP	2026-05-12T16:58:22.3512035Z ^[[1m^[[92m   Compiling^[[0m num-conv v0.1.0
Test	UNKNOWN STEP	2026-05-12T16:58:22.4373796Z ^[[1m^[[92m   Compiling^[[0m bumpalo v3.19.1
Test	UNKNOWN STEP	2026-05-12T16:58:22.6364405Z ^[[1m^[[92m   Compiling^[[0m time-core v0.1.7
Test	UNKNOWN STEP	2026-05-12T16:58:22.7254094Z ^[[1m^[[92m   Compiling^[[0m time v0.3.45
Test	UNKNOWN STEP	2026-05-12T16:58:23.3214176Z ^[[1m^[[92m   Compiling^[[0m addr2line v0.25.1
Test	UNKNOWN STEP	2026-05-12T16:58:23.6953666Z ^[[1m^[[92m   Compiling^[[0m zopfli v0.8.3
Test	UNKNOWN STEP	2026-05-12T16:58:24.0104301Z ^[[1m^[[92m   Compiling^[[0m toml_parser v1.0.6+spec-1.1.0
Test	UNKNOWN STEP	2026-05-12T16:58:24.0923896Z ^[[1m^[[92m   Compiling^[[0m indexmap v2.13.0
Test	UNKNOWN STEP	2026-05-12T16:58:24.9853647Z ^[[1m^[[92m   Compiling^[[0m xz2 v0.1.7
Test	UNKNOWN STEP	2026-05-12T16:58:25.5756953Z ^[[1m^[[92m   Compiling^[[0m webpki-roots v0.26.11
Test	UNKNOWN STEP	2026-05-12T16:58:25.6056751Z ^[[1m^[[92m   Compiling^[[0m pbkdf2 v0.12.2
Test	UNKNOWN STEP	2026-05-12T16:58:25.6745907Z ^[[1m^[[92m   Compiling^[[0m bzip2 v0.5.2
Test	UNKNOWN STEP	2026-05-12T16:58:25.8294174Z ^[[1m^[[92m   Compiling^[[0m aes v0.8.4
Test	UNKNOWN STEP	2026-05-12T16:58:26.9603835Z ^[[1m^[[92m   Compiling^[[0m url v2.5.8
Test	UNKNOWN STEP	2026-05-12T16:58:28.3294266Z ^[[1m^[[92m   Compiling^[[0m lzma-rs v0.3.0
Test	UNKNOWN STEP	2026-05-12T16:58:29.6753912Z ^[[1m^[[92m   Compiling^[[0m sha1 v0.10.6
Test	UNKNOWN STEP	2026-05-12T16:58:30.1024480Z ^[[1m^[[92m   Compiling^[[0m socks v0.3.4
Test	UNKNOWN STEP	2026-05-12T16:58:30.5226556Z ^[[1m^[[92m   Compiling^[[0m xattr v1.6.1
Test	UNKNOWN STEP	2026-05-12T16:58:31.0596102Z ^[[1m^[[92m   Compiling^[[0m toml_datetime v0.7.5+spec-1.1.0
Test	UNKNOWN STEP	2026-05-12T16:58:31.3636852Z ^[[1m^[[92m   Compiling^[[0m serde_spanned v1.0.4
Test	UNKNOWN STEP	2026-05-12T16:58:31.4290814Z ^[[1m^[[92m   Compiling^[[0m dirs-sys-next v0.1.2
Test	UNKNOWN STEP	2026-05-12T16:58:31.8508443Z ^[[1m^[[92m   Compiling^[[0m filetime v0.2.27
Test	UNKNOWN STEP	2026-05-12T16:58:31.9694120Z ^[[1m^[[92m   Compiling^[[0m strsim v0.11.1
Test	UNKNOWN STEP	2026-05-12T16:58:32.8124670Z ^[[1m^[[92m   Compiling^[[0m scopeguard v1.2.0
Test	UNKNOWN STEP	2026-05-12T16:58:32.8504351Z ^[[1m^[[92m   Compiling^[[0m toml_writer v1.0.6+spec-1.1.0
Test	UNKNOWN STEP	2026-05-12T16:58:32.9753710Z ^[[1m^[[92m   Compiling^[[0m fastrand v2.3.0
Test	UNKNOWN STEP	2026-05-12T16:58:33.0343956Z ^[[1m^[[92m   Compiling^[[0m heck v0.5.0
Test	UNKNOWN STEP	2026-05-12T16:58:33.1742988Z ^[[1m^[[92m   Compiling^[[0m base64 v0.22.1
Test	UNKNOWN STEP	2026-05-12T16:58:33.1771120Z ^[[1m^[[92m   Compiling^[[0m clap_lex v0.7.7
Test	UNKNOWN STEP	2026-05-12T16:58:33.4513976Z ^[[1m^[[92m   Compiling^[[0m unicode-width v0.2.2
Test	UNKNOWN STEP	2026-05-12T16:58:33.6184185Z ^[[1m^[[92m   Compiling^[[0m deflate64 v0.1.10
Test	UNKNOWN STEP	2026-05-12T16:58:33.6524093Z ^[[1m^[[92m   Compiling^[[0m constant_time_eq v0.3.1
Test	UNKNOWN STEP	2026-05-12T16:58:33.6990625Z ^[[1m^[[92m   Compiling^[[0m rustc-demangle v0.1.27
Test	UNKNOWN STEP	2026-05-12T16:58:34.0779408Z ^[[1m^[[92m   Compiling^[[0m backtrace v0.3.76
Test	UNKNOWN STEP	2026-05-12T16:58:34.7693954Z ^[[1m^[[92m   Compiling^[[0m console v0.16.2
Test	UNKNOWN STEP	2026-05-12T16:58:36.0254782Z ^[[1m^[[92m   Compiling^[[0m ureq v2.12.1
Test	UNKNOWN STEP	2026-05-12T16:58:39.6584495Z ^[[1m^[[92m   Compiling^[[0m clap_builder v4.5.54
Test	UNKNOWN STEP	2026-05-12T16:58:41.2644057Z ^[[1m^[[92m   Compiling^[[0m zstd v0.13.3
Test	UNKNOWN STEP	2026-05-12T16:58:43.8664033Z ^[[1m^[[92m   Compiling^[[0m clap_derive v4.5.49
Test	UNKNOWN STEP	2026-05-12T16:58:45.5443867Z ^[[1m^[[92m   Compiling^[[0m tempfile v3.24.0
Test	UNKNOWN STEP	2026-05-12T16:58:45.8969335Z ^[[1m^[[92m   Compiling^[[0m toml v0.9.11+spec-1.1.0
Test	UNKNOWN STEP	2026-05-12T16:58:46.4644006Z ^[[1m^[[92m   Compiling^[[0m lock_api v0.4.14
Test	UNKNOWN STEP	2026-05-12T16:58:46.6484288Z ^[[1m^[[92m   Compiling^[[0m tar v0.4.44
Test	UNKNOWN STEP	2026-05-12T16:58:47.4343774Z ^[[1m^[[92m   Compiling^[[0m dirs-next v2.0.0
Test	UNKNOWN STEP	2026-05-12T16:58:48.3473907Z ^[[1m^[[92m   Compiling^[[0m fs4 v0.6.6
Test	UNKNOWN STEP	2026-05-12T16:58:49.5843849Z ^[[1m^[[92m   Compiling^[[0m uuid v1.19.0
Test	UNKNOWN STEP	2026-05-12T16:58:49.7775421Z ^[[1m^[[92m   Compiling^[[0m env_filter v0.1.4
Test	UNKNOWN STEP	2026-05-12T16:58:50.0363892Z ^[[1m^[[92m   Compiling^[[0m cargo-platform v0.3.2
Test	UNKNOWN STEP	2026-05-12T16:58:50.4833690Z ^[[1m^[[92m   Compiling^[[0m semver v1.0.27
Test	UNKNOWN STEP	2026-05-12T16:58:50.5583826Z ^[[1m^[[92m   Compiling^[[0m sysinfo v0.37.2
Test	UNKNOWN STEP	2026-05-12T16:58:50.9404107Z ^[[1m^[[92m   Compiling^[[0m same-file v1.0.6
Test	UNKNOWN STEP	2026-05-12T16:58:51.0313894Z ^[[1m^[[92m   Compiling^[[0m siphasher v0.3.11
Test	UNKNOWN STEP	2026-05-12T16:58:51.1063711Z ^[[1m^[[92m   Compiling^[[0m hex v0.4.3
Test	UNKNOWN STEP	2026-05-12T16:58:51.1704481Z ^[[1m^[[92m   Compiling^[[0m shell-words v1.1.1
Test	UNKNOWN STEP	2026-05-12T16:58:51.3477641Z ^[[1m^[[92m   Compiling^[[0m is_executable v0.1.2
Test	UNKNOWN STEP	2026-05-12T16:58:51.3555512Z ^[[1m^[[92m   Compiling^[[0m iana-time-zone v0.1.64
Test	UNKNOWN STEP	2026-05-12T16:58:51.4043857Z ^[[1m^[[92m   Compiling^[[0m env_home v0.1.0
Test	UNKNOWN STEP	2026-05-12T16:58:51.4523852Z ^[[1m^[[92m   Compiling^[[0m chrono v0.4.43
Test	UNKNOWN STEP	2026-05-12T16:58:51.7914437Z ^[[1m^[[92m   Compiling^[[0m which v8.0.0
Test	UNKNOWN STEP	2026-05-12T16:58:52.1769011Z ^[[1m^[[92m   Compiling^[[0m binary-install v0.4.1
Test	UNKNOWN STEP	2026-05-12T16:58:52.1813338Z ^[[1m^[[92m   Compiling^[[0m dialoguer v0.12.0
Test	UNKNOWN STEP	2026-05-12T16:58:54.1354255Z ^[[1m^[[92m   Compiling^[[0m human-panic v2.0.6
Test	UNKNOWN STEP	2026-05-12T16:58:54.3804069Z ^[[1m^[[92m   Compiling^[[0m walkdir v2.5.0
Test	UNKNOWN STEP	2026-05-12T16:58:54.7804114Z ^[[1m^[[92m   Compiling^[[0m cargo_metadata v0.23.1
Test	UNKNOWN STEP	2026-05-12T16:58:54.9874154Z ^[[1m^[[92m   Compiling^[[0m env_logger v0.11.8
Test	UNKNOWN STEP	2026-05-12T16:58:55.1654286Z ^[[1m^[[92m   Compiling^[[0m parking_lot v0.12.5
Test	UNKNOWN STEP	2026-05-12T16:58:55.4367984Z ^[[1m^[[92m   Compiling^[[0m clap v4.5.54
Test	UNKNOWN STEP	2026-05-12T16:58:55.4714065Z ^[[1m^[[92m   Compiling^[[0m serde_ignored v0.1.14
Test	UNKNOWN STEP	2026-05-12T16:58:55.5883919Z ^[[1m^[[92m   Compiling^[[0m siphasher v1.0.1
Test	UNKNOWN STEP	2026-05-12T16:58:55.6319044Z ^[[1m^[[92m   Compiling^[[0m glob v0.3.3
Test	UNKNOWN STEP	2026-05-12T16:58:55.7394112Z ^[[1m^[[92m   Compiling^[[0m path-clean v1.0.1
Test	UNKNOWN STEP	2026-05-12T16:58:55.9759030Z ^[[1m^[[92m   Compiling^[[0m wasm-pack v0.14.0
Test	UNKNOWN STEP	2026-05-12T16:59:03.2701866Z ^[[1m^[[92m    Finished^[[0m `release` profile [optimized] target(s) in 1m 11s
Test	UNKNOWN STEP	2026-05-12T16:59:03.2876493Z ^[[1m^[[92m  Installing^[[0m /home/runner/.cargo/bin/wasm-pack
Test	UNKNOWN STEP	2026-05-12T16:59:03.2877687Z ^[[1m^[[92m   Installed^[[0m package `wasm-pack v0.14.0` (executable `wasm-pack`)
Test	UNKNOWN STEP	2026-05-12T16:59:03.3882694Z ##[group]Run actions/setup-node@v4
Test	UNKNOWN STEP	2026-05-12T16:59:03.3882973Z with:
Test	UNKNOWN STEP	2026-05-12T16:59:03.3883151Z   node-version: 20.x
Test	UNKNOWN STEP	2026-05-12T16:59:03.3883359Z   cache: npm
Test	UNKNOWN STEP	2026-05-12T16:59:03.3883569Z   cache-dependency-path: js/package-lock.json
Test	UNKNOWN STEP	2026-05-12T16:59:03.3883849Z   always-auth: false
Test	UNKNOWN STEP	2026-05-12T16:59:03.3884037Z   check-latest: false
Test	UNKNOWN STEP	2026-05-12T16:59:03.3884387Z   token: ***
Test	UNKNOWN STEP	2026-05-12T16:59:03.3884562Z env:
Test	UNKNOWN STEP	2026-05-12T16:59:03.3884731Z   CARGO_HOME: /home/runner/.cargo
Test	UNKNOWN STEP	2026-05-12T16:59:03.3884971Z   CARGO_INCREMENTAL: 0
Test	UNKNOWN STEP	2026-05-12T16:59:03.3885169Z   CARGO_TERM_COLOR: always
Test	UNKNOWN STEP	2026-05-12T16:59:03.3885373Z ##[endgroup]
Test	UNKNOWN STEP	2026-05-12T16:59:03.5692924Z Found in cache @ /opt/hostedtoolcache/node/20.20.2/x64
Test	UNKNOWN STEP	2026-05-12T16:59:03.5699210Z ##[group]Environment details
Test	UNKNOWN STEP	2026-05-12T16:59:03.8474349Z node: v20.20.2
Test	UNKNOWN STEP	2026-05-12T16:59:03.8474731Z npm: 10.8.2
Test	UNKNOWN STEP	2026-05-12T16:59:03.8475008Z yarn: 1.22.22
Test	UNKNOWN STEP	2026-05-12T16:59:03.8475761Z ##[endgroup]
Test	UNKNOWN STEP	2026-05-12T16:59:03.8501876Z [command]/opt/hostedtoolcache/node/20.20.2/x64/bin/npm config get cache
Test	UNKNOWN STEP	2026-05-12T16:59:03.9690477Z /home/runner/.npm
Test	UNKNOWN STEP	2026-05-12T16:59:04.0747137Z Cache hit for: node-cache-Linux-x64-npm-d315d8b9cf81d047cf497bbcc55d1d84ab2bcc1d591d7e669c7aa9738b286549
Test	UNKNOWN STEP	2026-05-12T16:59:04.3006699Z Received 19427037 of 19427037 (100.0%), 101.8 MBs/sec
Test	UNKNOWN STEP	2026-05-12T16:59:04.3007399Z Cache Size: ~19 MB (19427037 B)
Test	UNKNOWN STEP	2026-05-12T16:59:04.3041119Z [command]/usr/bin/tar -xf /home/runner/work/_temp/9f20bcae-d2d1-4cbb-ab63-9c6202547243/cache.tzst -P -C /home/runner/work/link-cli/link-cli --use-compress-program unzstd
Test	UNKNOWN STEP	2026-05-12T16:59:04.3367929Z Cache restored successfully
Test	UNKNOWN STEP	2026-05-12T16:59:04.3382122Z Cache restored from key: node-cache-Linux-x64-npm-d315d8b9cf81d047cf497bbcc55d1d84ab2bcc1d591d7e669c7aa9738b286549
Test	UNKNOWN STEP	2026-05-12T16:59:04.4087692Z ##[group]Run actions/cache@v4
Test	UNKNOWN STEP	2026-05-12T16:59:04.4087968Z with:
Test	UNKNOWN STEP	2026-05-12T16:59:04.4088260Z   path: ~/.cargo/registry
Test	UNKNOWN STEP	~/.cargo/git
Test	UNKNOWN STEP	rust/target
Test	UNKNOWN STEP	rust/wasm/target
Test	UNKNOWN STEP
Test	UNKNOWN STEP	2026-05-12T16:59:04.4088789Z   key: Linux-wasm-cargo-22376137081c5ebc35abde90b3a80a6689287fd12d6f0ceea94e66b1d419e921
Test	UNKNOWN STEP	2026-05-12T16:59:04.4089254Z   restore-keys: Linux-wasm-cargo-
Test	UNKNOWN STEP
Test	UNKNOWN STEP	2026-05-12T16:59:04.4089517Z   enableCrossOsArchive: false
Test	UNKNOWN STEP	2026-05-12T16:59:04.4089929Z   fail-on-cache-miss: false
Test	UNKNOWN STEP	2026-05-12T16:59:04.4090156Z   lookup-only: false
Test	UNKNOWN STEP	2026-05-12T16:59:04.4090355Z   save-always: false
Test	UNKNOWN STEP	2026-05-12T16:59:04.4090535Z env:
Test	UNKNOWN STEP	2026-05-12T16:59:04.4090713Z   CARGO_HOME: /home/runner/.cargo
Test	UNKNOWN STEP	2026-05-12T16:59:04.4090949Z   CARGO_INCREMENTAL: 0
Test	UNKNOWN STEP	2026-05-12T16:59:04.4091154Z   CARGO_TERM_COLOR: always
Test	UNKNOWN STEP	2026-05-12T16:59:04.4091356Z ##[endgroup]
Test	UNKNOWN STEP	2026-05-12T16:59:04.6213845Z Cache hit for: Linux-wasm-cargo-22376137081c5ebc35abde90b3a80a6689287fd12d6f0ceea94e66b1d419e921
Test	UNKNOWN STEP	2026-05-12T16:59:05.6791273Z Received 180355072 of 364861180 (49.4%), 172.0 MBs/sec
Test	UNKNOWN STEP	2026-05-12T16:59:06.3276042Z Received 364861180 of 364861180 (100.0%), 211.7 MBs/sec
Test	UNKNOWN STEP	2026-05-12T16:59:06.3276925Z Cache Size: ~348 MB (364861180 B)
Test	UNKNOWN STEP	2026-05-12T16:59:06.3330338Z [command]/usr/bin/tar -xf /home/runner/work/_temp/54fb3021-8f29-4754-aaaf-3f5a7adae6ed/cache.tzst -P -C /home/runner/work/link-cli/link-cli --use-compress-program unzstd
Test	UNKNOWN STEP	2026-05-12T16:59:09.1781424Z Cache restored successfully
Test	UNKNOWN STEP	2026-05-12T16:59:09.2023584Z Cache restored from key: Linux-wasm-cargo-22376137081c5ebc35abde90b3a80a6689287fd12d6f0ceea94e66b1d419e921
Test	UNKNOWN STEP	2026-05-12T16:59:09.2140909Z ##[group]Run npm ci
Test	UNKNOWN STEP	2026-05-12T16:59:09.2141167Z ^[[36;1mnpm ci^[[0m
Test	UNKNOWN STEP	2026-05-12T16:59:09.4775794Z shell: /usr/bin/bash -e {0}
Test	UNKNOWN STEP	2026-05-12T16:59:09.4776200Z env:
Test	UNKNOWN STEP	2026-05-12T16:59:09.4776522Z   CARGO_HOME: /home/runner/.cargo
Test	UNKNOWN STEP	2026-05-12T16:59:09.4776953Z   CARGO_INCREMENTAL: 0
Test	UNKNOWN STEP	2026-05-12T16:59:09.4777322Z   CARGO_TERM_COLOR: always
Test	UNKNOWN STEP	2026-05-12T16:59:09.4777686Z ##[endgroup]
Test	UNKNOWN STEP	2026-05-12T16:59:11.4160249Z
Test	UNKNOWN STEP	2026-05-12T16:59:11.4161051Z added 23 packages, and audited 24 packages in 2s
Test	UNKNOWN STEP	2026-05-12T16:59:11.4161372Z
Test	UNKNOWN STEP	2026-05-12T16:59:11.4161540Z 8 packages are looking for funding
Test	UNKNOWN STEP	2026-05-12T16:59:11.4161847Z   run `npm fund` for details
Test	UNKNOWN STEP	2026-05-12T16:59:11.4171916Z
Test	UNKNOWN STEP	2026-05-12T16:59:11.4172688Z found 0 vulnerabilities
Test	UNKNOWN STEP	2026-05-12T16:59:11.4346569Z ##[group]Run cargo test --manifest-path rust/Cargo.toml --all-features
Test	UNKNOWN STEP	2026-05-12T16:59:11.4347078Z ^[[36;1mcargo test --manifest-path rust/Cargo.toml --all-features^[[0m
Test	UNKNOWN STEP	2026-05-12T16:59:11.4370298Z shell: /usr/bin/bash -e {0}
Test	UNKNOWN STEP	2026-05-12T16:59:11.4370547Z env:
Test	UNKNOWN STEP	2026-05-12T16:59:11.4370734Z   CARGO_HOME: /home/runner/.cargo
Test	UNKNOWN STEP	2026-05-12T16:59:11.4370992Z   CARGO_INCREMENTAL: 0
Test	UNKNOWN STEP	2026-05-12T16:59:11.4371213Z   CARGO_TERM_COLOR: always
Test	UNKNOWN STEP	2026-05-12T16:59:11.4371435Z ##[endgroup]
Test	UNKNOWN STEP	2026-05-12T16:59:11.5328326Z ^[[1m^[[92m   Compiling^[[0m link-cli v0.1.0 (/home/runner/work/link-cli/link-cli/rust)
Test	UNKNOWN STEP	2026-05-12T16:59:14.2502934Z ^[[1m^[[92m    Finished^[[0m `test` profile [unoptimized + debuginfo] target(s) in 2.80s
Test	UNKNOWN STEP	2026-05-12T16:59:14.2553938Z ^[[1m^[[92m     Running^[[0m unittests src/lib.rs (rust/target/debug/deps/link_cli-d340ce7e6e4e80f5)
Test	UNKNOWN STEP	2026-05-12T16:59:14.2567406Z
Test	UNKNOWN STEP	2026-05-12T16:59:14.2567622Z running 0 tests
Test	UNKNOWN STEP	2026-05-12T16:59:14.2567864Z
Test	UNKNOWN STEP	2026-05-12T16:59:14.2568807Z test result: ok. 0 passed; 0 failed; 0 ignored; 0 measured; 0 filtered out; finished in 0.00s
Test	UNKNOWN STEP	2026-05-12T16:59:14.2569418Z
Test	UNKNOWN STEP	2026-05-12T16:59:14.2570626Z ^[[1m^[[92m     Running^[[0m unittests src/main.rs (rust/target/debug/deps/clink-8b57485f3e6bc6de)
Test	UNKNOWN STEP	2026-05-12T16:59:14.2579078Z
Test	UNKNOWN STEP	2026-05-12T16:59:14.2579277Z running 0 tests
Test	UNKNOWN STEP	2026-05-12T16:59:14.2579578Z
Test	UNKNOWN STEP	2026-05-12T16:59:14.2580219Z test result: ok. 0 passed; 0 failed; 0 ignored; 0 measured; 0 filtered out; finished in 0.00s
Test	UNKNOWN STEP	2026-05-12T16:59:14.2580674Z
Test	UNKNOWN STEP	2026-05-12T16:59:14.2582364Z ^[[1m^[[92m     Running^[[0m tests/changes_simplifier_tests.rs (rust/target/debug/deps/changes_simplifier_tests-f35e7109178f8287)
Test	UNKNOWN STEP	2026-05-12T16:59:14.2590611Z
Test	UNKNOWN STEP	2026-05-12T16:59:14.2590788Z running 9 tests
Test	UNKNOWN STEP	2026-05-12T16:59:14.2595429Z test test_simplify_empty ... ok
Test	UNKNOWN STEP	2026-05-12T16:59:14.2597205Z test test_simplify_chain ... ok
Test	UNKNOWN STEP	2026-05-12T16:59:14.2597931Z test test_simplify_issue26_update_operation ... ok
Test	UNKNOWN STEP	2026-05-12T16:59:14.2598684Z test test_simplify_issue26_alternative_scenario ... ok
Test	UNKNOWN STEP	2026-05-12T16:59:14.2599537Z test test_simplify_keeps_unchanged_states ... ok
Test	UNKNOWN STEP	2026-05-12T16:59:14.2600358Z test test_simplify_multiple_branches_from_same_initial ... ok
Test	UNKNOWN STEP	2026-05-12T16:59:14.2601386Z test test_simplify_with_unchanged ... ok
Test	UNKNOWN STEP	2026-05-12T16:59:14.2602014Z test test_simplify_specific_example_removes_intermediate_states ... ok
Test	UNKNOWN STEP	2026-05-12T16:59:14.2603029Z test test_simplify_no_op ... ok
Test	UNKNOWN STEP	2026-05-12T16:59:14.2604511Z ^[[1m^[[92m     Running^[[0m tests/cli_arguments_tests.rs (rust/target/debug/deps/cli_arguments_tests-5690f63b1f5ebd41)
Test	UNKNOWN STEP	2026-05-12T16:59:14.2604964Z
Test	UNKNOWN STEP	2026-05-12T16:59:14.2605323Z test result: ok. 9 passed; 0 failed; 0 ignored; 0 measured; 0 filtered out; finished in 0.00s
Test	UNKNOWN STEP	2026-05-12T16:59:14.2605689Z
Test	UNKNOWN STEP	2026-05-12T16:59:14.2615385Z
Test	UNKNOWN STEP	2026-05-12T16:59:14.2615600Z running 7 tests
Test	UNKNOWN STEP	2026-05-12T16:59:14.2620422Z test parses_csharp_option_aliases_without_direct_clap_dependency ... ok
Test	UNKNOWN STEP	2026-05-12T16:59:14.2621531Z test parses_export_alias_as_lino_output_path ... ok
Test	UNKNOWN STEP	2026-05-12T16:59:14.2622947Z test parses_inline_alias_values_and_boolean_values ... ok
Test	UNKNOWN STEP	2026-05-12T16:59:14.2623857Z test parses_inline_export_alias_as_lino_output_path ... ok
Test	UNKNOWN STEP	2026-05-12T16:59:14.2624943Z test query_option_takes_precedence_over_positional_query ... ok
Test	UNKNOWN STEP	2026-05-12T16:59:14.2626713Z ^[[1m^[[92m     Running^[[0m tests/cli_export_tests.rs (rust/target/debug/deps/cli_export_tests-3c6cb20a58ca35ef)
Test	UNKNOWN STEP	2026-05-12T16:59:14.2627854Z test rejects_extra_positional_queries ... ok
Test	UNKNOWN STEP	2026-05-12T16:59:14.2628578Z test returns_help_and_version_commands ... ok
Test	UNKNOWN STEP	2026-05-12T16:59:14.2628965Z
Test	UNKNOWN STEP	2026-05-12T16:59:14.2629642Z test result: ok. 7 passed; 0 failed; 0 ignored; 0 measured; 0 filtered out; finished in 0.00s
Test	UNKNOWN STEP	2026-05-12T16:59:14.2630303Z
Test	UNKNOWN STEP	2026-05-12T16:59:14.2635716Z
Test	UNKNOWN STEP	2026-05-12T16:59:14.2636052Z running 3 tests
Test	UNKNOWN STEP	2026-05-12T16:59:14.2670043Z test export_alias_writes_numbered_references ... ok
Test	UNKNOWN STEP	2026-05-12T16:59:14.2710410Z test export_alias_writes_named_references ... ok
Test	UNKNOWN STEP	2026-05-12T16:59:14.2714599Z test structure_option_renders_left_branch_with_indexes ... ok
Test	UNKNOWN STEP	2026-05-12T16:59:14.2715563Z
Test	UNKNOWN STEP	2026-05-12T16:59:14.2716250Z test result: ok. 3 passed; 0 failed; 0 ignored; 0 measured; 0 filtered out; finished in 0.01s
Test	UNKNOWN STEP	2026-05-12T16:59:14.2716885Z
Test	UNKNOWN STEP	2026-05-12T16:59:14.2717856Z ^[[1m^[[92m     Running^[[0m tests/cli_import_tests.rs (rust/target/debug/deps/cli_import_tests-0620bb8ff1891745)
Test	UNKNOWN STEP	2026-05-12T16:59:14.2725323Z
Test	UNKNOWN STEP	2026-05-12T16:59:14.2725536Z running 1 test
Test	UNKNOWN STEP	2026-05-12T16:59:14.2754072Z test import_option_reads_numbered_lino_file ... ok
Test	UNKNOWN STEP	2026-05-12T16:59:14.2754338Z
Test	UNKNOWN STEP	2026-05-12T16:59:14.2754727Z test result: ok. 1 passed; 0 failed; 0 ignored; 0 measured; 0 filtered out; finished in 0.00s
Test	UNKNOWN STEP	2026-05-12T16:59:14.2755081Z
Test	UNKNOWN STEP	2026-05-12T16:59:14.2756819Z ^[[1m^[[92m     Running^[[0m tests/cli_named_types_tests.rs (rust/target/debug/deps/cli_named_types_tests-f8e3161a20dbda82)
Test	UNKNOWN STEP	2026-05-12T16:59:14.2765530Z
Test	UNKNOWN STEP	2026-05-12T16:59:14.2765690Z running 1 test
Test	UNKNOWN STEP	2026-05-12T16:59:14.2830608Z test cli_stores_string_aliases_in_separate_names_database ... ok
Test	UNKNOWN STEP	2026-05-12T16:59:14.2831089Z
Test	UNKNOWN STEP	2026-05-12T16:59:14.2831687Z test result: ok. 1 passed; 0 failed; 0 ignored; 0 measured; 0 filtered out; finished in 0.01s
Test	UNKNOWN STEP	2026-05-12T16:59:14.2832320Z
Test	UNKNOWN STEP	2026-05-12T16:59:14.2833579Z ^[[1m^[[92m     Running^[[0m tests/dependency_basis_tests.rs (rust/target/debug/deps/dependency_basis_tests-1921d0e4c0044681)
Test	UNKNOWN STEP	2026-05-12T16:59:14.2841104Z
Test	UNKNOWN STEP	2026-05-12T16:59:14.2841294Z running 2 tests
Test	UNKNOWN STEP	2026-05-12T16:59:14.2844226Z test rust_manifest_declares_required_basis_crates ... ok
Test	UNKNOWN STEP	2026-05-12T16:59:14.2844787Z test rust_manifest_uses_lino_arguments_without_direct_clap_dependency ... ok
Test	UNKNOWN STEP	2026-05-12T16:59:14.2845114Z
Test	UNKNOWN STEP	2026-05-12T16:59:14.2845645Z test result: ok. 2 passed; 0 failed; 0 ignored; 0 measured; 0 filtered out; finished in 0.00s
Test	UNKNOWN STEP	2026-05-12T16:59:14.2846275Z
Test	UNKNOWN STEP	2026-05-12T16:59:14.2847251Z ^[[1m^[[92m     Running^[[0m tests/issue62_review_coverage_tests.rs (rust/target/debug/deps/issue62_review_coverage_tests-3ca90576ef123594)
Test	UNKNOWN STEP	2026-05-12T16:59:14.2855704Z
Test	UNKNOWN STEP	2026-05-12T16:59:14.2855868Z running 4 tests
Test	UNKNOWN STEP	2026-05-12T16:59:14.2860397Z test pinned_types_take_types_is_finite_and_deterministic ... ok
Test	UNKNOWN STEP	2026-05-12T16:59:14.2861753Z test unsupported_any_reference_is_rejected_without_placeholder_creation ... ok
Test	UNKNOWN STEP	2026-05-12T16:59:14.2868518Z test named_link_create_delete_recreate_clears_stale_name_mapping ... ok
Test	UNKNOWN STEP	2026-05-12T16:59:14.2869658Z test explicit_numeric_id_update_can_be_reversed_with_another_update ... ok
Test	UNKNOWN STEP	2026-05-12T16:59:14.2870254Z
Test	UNKNOWN STEP	2026-05-12T16:59:14.2870644Z test result: ok. 4 passed; 0 failed; 0 ignored; 0 measured; 0 filtered out; finished in 0.00s
Test	UNKNOWN STEP	2026-05-12T16:59:14.2871260Z
Test	UNKNOWN STEP	2026-05-12T16:59:14.2872072Z ^[[1m^[[92m     Running^[[0m tests/link_storage_tests.rs (rust/target/debug/deps/link_storage_tests-4a62457bb635dc13)
Test	UNKNOWN STEP	2026-05-12T16:59:14.2880315Z
Test	UNKNOWN STEP	2026-05-12T16:59:14.2880496Z running 14 tests
Test	UNKNOWN STEP	2026-05-12T16:59:14.2885571Z test test_format_structure_renders_left_branch_with_link_indexes ... ok
Test	UNKNOWN STEP	2026-05-12T16:59:14.2887030Z test test_format_structure_renders_repeated_source_and_target_as_reference_on_right ... ok
Test	UNKNOWN STEP	2026-05-12T16:59:14.2888417Z test test_lino_lines_escape_names_that_need_quoting ... ok
Test	UNKNOWN STEP	2026-05-12T16:59:14.2889950Z test test_lino_lines_select_quote_style_for_names_containing_quotes ... ok
Test	UNKNOWN STEP	2026-05-12T16:59:14.2894833Z test test_lino_lines_use_names_for_indexes_sources_and_targets ... ok
Test	UNKNOWN STEP	2026-05-12T16:59:14.2895683Z test test_lino_lines_use_numbered_references_without_names ... ok
Test	UNKNOWN STEP	2026-05-12T16:59:14.2896111Z test test_storage_create ... ok
Test	UNKNOWN STEP	2026-05-12T16:59:14.2896657Z test test_storage_delete ... ok
Test	UNKNOWN STEP	2026-05-12T16:59:14.2897207Z test test_storage_get_or_create ... ok
Test	UNKNOWN STEP	2026-05-12T16:59:14.2897751Z test test_storage_search ... ok
Test	UNKNOWN STEP	2026-05-12T16:59:14.2898258Z test test_storage_named_links ... ok
Test	UNKNOWN STEP	2026-05-12T16:59:14.2898658Z test test_storage_update ... ok
Test	UNKNOWN STEP	2026-05-12T16:59:14.2898968Z test test_storage_persistence ... ok
Test	UNKNOWN STEP	2026-05-12T16:59:14.2899380Z test test_write_lino_output_writes_complete_database ... ok
Test	UNKNOWN STEP	2026-05-12T16:59:14.2899637Z
Test	UNKNOWN STEP	2026-05-12T16:59:14.2899992Z test result: ok. 14 passed; 0 failed; 0 ignored; 0 measured; 0 filtered out; finished in 0.00s
Test	UNKNOWN STEP	2026-05-12T16:59:14.2900536Z
Test	UNKNOWN STEP	2026-05-12T16:59:14.2902044Z ^[[1m^[[92m     Running^[[0m tests/link_tests.rs (rust/target/debug/deps/link_tests-cf6e058bd79f1c62)
Test	UNKNOWN STEP	2026-05-12T16:59:14.2911035Z
Test	UNKNOWN STEP	2026-05-12T16:59:14.2911222Z running 5 tests
Test	UNKNOWN STEP	2026-05-12T16:59:14.2914786Z test test_link_creation ... ok
Test	UNKNOWN STEP	2026-05-12T16:59:14.2915107Z test test_link_format ... ok
Test	UNKNOWN STEP	2026-05-12T16:59:14.2915417Z test test_link_is_full_point ... ok
Test	UNKNOWN STEP	2026-05-12T16:59:14.2915720Z test test_link_is_null ... ok
Test	UNKNOWN STEP	2026-05-12T16:59:14.2917146Z test test_link_round_trips_through_doublets_link ... ok
Test	UNKNOWN STEP	2026-05-12T16:59:14.2917568Z
Test	UNKNOWN STEP	2026-05-12T16:59:14.2918030Z test result: ok. 5 passed; 0 failed; 0 ignored; 0 measured; 0 filtered out; finished in 0.00s
Test	UNKNOWN STEP	2026-05-12T16:59:14.2918382Z
Test	UNKNOWN STEP	2026-05-12T16:59:14.2919537Z ^[[1m^[[92m     Running^[[0m tests/lino_database_input_tests.rs (rust/target/debug/deps/lino_database_input_tests-3adf26a5fcbf9b34)
Test	UNKNOWN STEP	2026-05-12T16:59:14.2928950Z
Test	UNKNOWN STEP	2026-05-12T16:59:14.2929147Z running 3 tests
Test	UNKNOWN STEP	2026-05-12T16:59:14.2934402Z test import_lino_text_creates_named_references_as_point_links ... ok
Test	UNKNOWN STEP	2026-05-12T16:59:14.2935231Z test import_lino_text_treats_out_of_range_numbers_as_names ... ok
Test	UNKNOWN STEP	2026-05-12T16:59:14.2935799Z test import_lino_text_reproduces_numbered_links_at_explicit_indexes ... ok
Test	UNKNOWN STEP	2026-05-12T16:59:14.2936213Z
Test	UNKNOWN STEP	2026-05-12T16:59:14.2936691Z test result: ok. 3 passed; 0 failed; 0 ignored; 0 measured; 0 filtered out; finished in 0.00s
Test	UNKNOWN STEP	2026-05-12T16:59:14.2937074Z
Test	UNKNOWN STEP	2026-05-12T16:59:14.2938074Z ^[[1m^[[92m     Running^[[0m tests/lino_link_tests.rs (rust/target/debug/deps/lino_link_tests-e5cad6c0a3a54635)
Test	UNKNOWN STEP	2026-05-12T16:59:14.2945843Z
Test	UNKNOWN STEP	2026-05-12T16:59:14.2946024Z running 5 tests
Test	UNKNOWN STEP	2026-05-12T16:59:14.2949543Z test test_lino_link_is_numeric ... ok
Test	UNKNOWN STEP	2026-05-12T16:59:14.2950039Z test test_lino_link_is_variable ... ok
Test	UNKNOWN STEP	2026-05-12T16:59:14.2950494Z test test_lino_link_is_wildcard ... ok
Test	UNKNOWN STEP	2026-05-12T16:59:14.2950865Z test test_lino_link_new ... ok
Test	UNKNOWN STEP	2026-05-12T16:59:14.2951245Z test test_lino_link_with_values ... ok
Test	UNKNOWN STEP	2026-05-12T16:59:14.2951490Z
Test	UNKNOWN STEP	2026-05-12T16:59:14.2952126Z test result: ok. 5 passed; 0 failed; 0 ignored; 0 measured; 0 filtered out; finished in 0.00s
Test	UNKNOWN STEP	2026-05-12T16:59:14.2953069Z
Test	UNKNOWN STEP	2026-05-12T16:59:14.2954298Z ^[[1m^[[92m     Running^[[0m tests/named_types_decorator_tests.rs (rust/target/debug/deps/named_types_decorator_tests-6ec4446ce107270b)
Test	UNKNOWN STEP	2026-05-12T16:59:14.2962193Z
Test	UNKNOWN STEP	2026-05-12T16:59:14.2962388Z running 7 tests
Test	UNKNOWN STEP	2026-05-12T16:59:14.2981390Z test default_names_database_path_matches_csharp_convention ... ok
Test	UNKNOWN STEP	2026-05-12T16:59:14.2988141Z test decorator_includes_pinned_types_decorator ... ok
Test	UNKNOWN STEP	2026-05-12T16:59:14.2989248Z test decorator_exposes_link_storage_operations_and_named_types ... ok
Test	UNKNOWN STEP	2026-05-12T16:59:14.2990295Z test decorator_can_be_built_from_existing_link_storages ... ok
Test	UNKNOWN STEP	2026-05-12T16:59:14.2991250Z test delete_removes_associated_name_from_names_database ... ok
Test	UNKNOWN STEP	2026-05-12T16:59:14.3004585Z test setting_second_name_replaces_first_name ... ok
Test	UNKNOWN STEP	2026-05-12T16:59:14.3009733Z test reassigning_existing_name_moves_name_to_new_link ... ok
Test	UNKNOWN STEP	2026-05-12T16:59:14.3010210Z
Test	UNKNOWN STEP	2026-05-12T16:59:14.3010896Z test result: ok. 7 passed; 0 failed; 0 ignored; 0 measured; 0 filtered out; finished in 0.00s
Test	UNKNOWN STEP	2026-05-12T16:59:14.3011523Z
Test	UNKNOWN STEP	2026-05-12T16:59:14.3012937Z ^[[1m^[[92m     Running^[[0m tests/parser_tests.rs (rust/target/debug/deps/parser_tests-77b3e71c374cfc5a)
Test	UNKNOWN STEP	2026-05-12T16:59:14.3021123Z
Test	UNKNOWN STEP	2026-05-12T16:59:14.3021266Z running 8 tests
Test	UNKNOWN STEP	2026-05-12T16:59:14.3025587Z test test_parse_empty ... ok
Test	UNKNOWN STEP	2026-05-12T16:59:14.3026636Z test test_parse_nested_link ... ok
Test	UNKNOWN STEP	2026-05-12T16:59:14.3027575Z test test_parse_links_notation_backtick_unicode_identifier ... ok
Test	UNKNOWN STEP	2026-05-12T16:59:14.3030045Z test test_parse_query_format ... ok
Test	UNKNOWN STEP	2026-05-12T16:59:14.3030650Z test test_parse_simple_link ... ok
Test	UNKNOWN STEP	2026-05-12T16:59:14.3031069Z test test_parse_variable ... ok
Test	UNKNOWN STEP	2026-05-12T16:59:14.3031385Z test test_parse_link_with_id ... ok
Test	UNKNOWN STEP	2026-05-12T16:59:14.3031736Z test test_parse_wildcard ... ok
Test	UNKNOWN STEP	2026-05-12T16:59:14.3031907Z
Test	UNKNOWN STEP	2026-05-12T16:59:14.3032700Z test result: ok. 8 passed; 0 failed; 0 ignored; 0 measured; 0 filtered out; finished in 0.00s
Test	UNKNOWN STEP	2026-05-12T16:59:14.3033350Z
Test	UNKNOWN STEP	2026-05-12T16:59:14.3034236Z ^[[1m^[[92m     Running^[[0m tests/pinned_types_decorator_tests.rs (rust/target/debug/deps/pinned_types_decorator_tests-2be8a182e5134711)
Test	UNKNOWN STEP	2026-05-12T16:59:14.3041855Z
Test	UNKNOWN STEP	2026-05-12T16:59:14.3041987Z running 3 tests
Test	UNKNOWN STEP	2026-05-12T16:59:14.3046884Z test decorator_exposes_link_storage_operations_and_pinned_types ... ok
Test	UNKNOWN STEP	2026-05-12T16:59:14.3047935Z test decorator_supports_triplet_deconstruction_parity ... ok
Test	UNKNOWN STEP	2026-05-12T16:59:14.3048760Z test decorator_rejects_unexpected_link_shape_at_reserved_address ... ok
Test	UNKNOWN STEP	2026-05-12T16:59:14.3049271Z
Test	UNKNOWN STEP	2026-05-12T16:59:14.3049910Z test result: ok. 3 passed; 0 failed; 0 ignored; 0 measured; 0 filtered out; finished in 0.00s
Test	UNKNOWN STEP	2026-05-12T16:59:14.3050396Z
Test	UNKNOWN STEP	2026-05-12T16:59:14.3051212Z ^[[1m^[[92m     Running^[[0m tests/query_processor_csharp_parity_tests.rs (rust/target/debug/deps/query_processor_csharp_parity_tests-e891656cc1b18e2a)
Test	UNKNOWN STEP	2026-05-12T16:59:14.3058918Z
Test	UNKNOWN STEP	2026-05-12T16:59:14.3059107Z running 15 tests
Test	UNKNOWN STEP	2026-05-12T16:59:14.3068359Z test test_create_explicit_index_after_gap_matches_csharp ... ok
Test	UNKNOWN STEP	2026-05-12T16:59:14.3069452Z test test_create_deep_nested_numeric_links_matches_csharp ... ok
Test	UNKNOWN STEP	2026-05-12T16:59:14.3083487Z test test_delete_all_by_index_wildcard_matches_csharp ... ok
Test	UNKNOWN STEP	2026-05-12T16:59:14.3088228Z test test_issue_20_substitute_full_point_with_unbound_parts_matches_csharp ... ok
Test	UNKNOWN STEP	2026-05-12T16:59:14.3103830Z test test_delete_by_source_target_pattern_matches_csharp ... ok
Test	UNKNOWN STEP	2026-05-12T16:59:14.3133523Z test test_delete_by_wildcard_target_matches_csharp ... ok
Test	UNKNOWN STEP	2026-05-12T16:59:14.3163491Z test test_issue_20_substitute_matched_link_and_outgoing_link_matches_csharp ... ok
Test	UNKNOWN STEP	2026-05-12T16:59:14.3167129Z test test_no_op_variable_query_returns_matched_changes ... ok
Test	UNKNOWN STEP	2026-05-12T16:59:14.3193576Z test test_delete_by_names_keeps_leaf_names_matches_csharp ... ok
Test	UNKNOWN STEP	2026-05-12T16:59:14.3223340Z test test_swap_all_links_using_variables_matches_csharp ... ok
Test	UNKNOWN STEP	2026-05-12T16:59:14.3224360Z test test_string_composite_left_child_does_not_create_extra_leaf ... ok
Test	UNKNOWN STEP	2026-05-12T16:59:14.3225254Z test test_unwrapped_create_query_matches_csharp ... ok
Test	UNKNOWN STEP	2026-05-12T16:59:14.3233984Z test test_string_aliases_in_variable_restriction_constrain_matches_to_named_links_matches_csharp ... ok
Test	UNKNOWN STEP	2026-05-12T16:59:14.3244388Z test test_named_link_rename_matches_csharp ... ok
Test	UNKNOWN STEP	2026-05-12T16:59:14.3252751Z test test_unknown_named_restriction_fails_without_auto_create ... ok
Test	UNKNOWN STEP	2026-05-12T16:59:14.3253274Z
Test	UNKNOWN STEP	2026-05-12T16:59:14.3253765Z test result: ok. 15 passed; 0 failed; 0 ignored; 0 measured; 0 filtered out; finished in 0.02s
Test	UNKNOWN STEP	2026-05-12T16:59:14.3254133Z
Test	UNKNOWN STEP	2026-05-12T16:59:14.3255407Z ^[[1m^[[92m     Running^[[0m tests/query_processor_tests.rs (rust/target/debug/deps/query_processor_tests-fcc4222298464831)
Test	UNKNOWN STEP	2026-05-12T16:59:14.3265010Z
Test	UNKNOWN STEP	2026-05-12T16:59:14.3265205Z running 15 tests
Test	UNKNOWN STEP	2026-05-12T16:59:14.3274369Z test test_auto_create_missing_numeric_reference_creates_point_link ... ok
Test	UNKNOWN STEP	2026-05-12T16:59:14.3275197Z test test_auto_create_missing_named_references_creates_point_links ... ok
Test	UNKNOWN STEP	2026-05-12T16:59:14.3279340Z test test_deduplicate_duplicate_pair_with_named_links ... ok
Test	UNKNOWN STEP	2026-05-12T16:59:14.3280187Z test test_auto_create_missing_numeric_reference_fills_existing_gap ... ok
Test	UNKNOWN STEP	2026-05-12T16:59:14.3280747Z test test_deduplicate_duplicate_pair_with_numeric_links ... ok
Test	UNKNOWN STEP	2026-05-12T16:59:14.3287658Z test test_deduplicate_mixed_named_and_numeric ... ok
Test	UNKNOWN STEP	2026-05-12T16:59:14.3289701Z test test_deduplicate_nested_duplicates ... ok
Test	UNKNOWN STEP	2026-05-12T16:59:14.3290566Z test test_deduplicate_named_links_multiple_queries ... ok
Test	UNKNOWN STEP	2026-05-12T16:59:14.3291420Z test test_deduplicate_triple_duplicate_pair ... ok
Test	UNKNOWN STEP	2026-05-12T16:59:14.3293164Z test test_missing_named_reference_fails_without_auto_create ... ok
Test	UNKNOWN STEP	2026-05-12T16:59:14.3296518Z test test_deduplicate_with_different_pairs ... ok
Test	UNKNOWN STEP	2026-05-12T16:59:14.3297337Z test test_query_processor_empty ... ok
Test	UNKNOWN STEP	2026-05-12T16:59:14.3298286Z test test_missing_numeric_reference_fails_without_auto_create ... ok
Test	UNKNOWN STEP	2026-05-12T16:59:14.3299254Z test test_query_processor_create ... ok
Test	UNKNOWN STEP	2026-05-12T16:59:14.3299804Z test test_future_numeric_references_succeed_without_auto_create ... ok
Test	UNKNOWN STEP	2026-05-12T16:59:14.3300192Z
Test	UNKNOWN STEP	2026-05-12T16:59:14.3300865Z test result: ok. 15 passed; 0 failed; 0 ignored; 0 measured; 0 filtered out; finished in 0.00s
Test	UNKNOWN STEP	2026-05-12T16:59:14.3301508Z
Test	UNKNOWN STEP	2026-05-12T16:59:14.3302325Z ^[[1m^[[92m     Running^[[0m tests/unicode_sequence_converter_tests.rs (rust/target/debug/deps/unicode_sequence_converter_tests-dbca84dd88aaca3a)
Test	UNKNOWN STEP	2026-05-12T16:59:14.3310323Z
Test	UNKNOWN STEP	2026-05-12T16:59:14.3310512Z running 5 tests
Test	UNKNOWN STEP	2026-05-12T16:59:14.3314841Z test caching_converter_decorator_reuses_cached_values ... ok
Test	UNKNOWN STEP	2026-05-12T16:59:14.3315935Z test balanced_variant_and_right_sequence_walker_preserve_symbol_order ... ok
Test	UNKNOWN STEP	2026-05-12T16:59:14.3317100Z test raw_number_converters_match_hybrid_external_reference_encoding ... ok
Test	UNKNOWN STEP	2026-05-12T16:59:14.3318197Z test target_and_char_symbol_converters_create_and_decode_symbols ... ok
Test	UNKNOWN STEP	2026-05-12T16:59:14.3319118Z test string_and_unicode_sequence_converters_round_trip_utf16_text ... ok
Test	UNKNOWN STEP	2026-05-12T16:59:14.3319455Z
Test	UNKNOWN STEP	2026-05-12T16:59:14.3319819Z test result: ok. 5 passed; 0 failed; 0 ignored; 0 measured; 0 filtered out; finished in 0.00s
Test	UNKNOWN STEP	2026-05-12T16:59:14.3320166Z
Test	UNKNOWN STEP	2026-05-12T16:59:14.3322178Z ^[[1m^[[92m     Running^[[0m tests/unicode_string_storage_tests.rs (rust/target/debug/deps/unicode_string_storage_tests-3c8ce74330d9f074)
Test	UNKNOWN STEP	2026-05-12T16:59:14.3330714Z
Test	UNKNOWN STEP	2026-05-12T16:59:14.3330903Z running 11 tests
Test	UNKNOWN STEP	2026-05-12T16:59:14.3338210Z test create_and_retrieve_empty_string ... ok
Test	UNKNOWN STEP	2026-05-12T16:59:14.3339105Z test create_and_retrieve_simple_string ... ok
Test	UNKNOWN STEP	2026-05-12T16:59:14.3339935Z test create_and_retrieve_multiple_strings ... ok
Test	UNKNOWN STEP	2026-05-12T16:59:14.3345650Z test create_and_retrieve_user_defined_type ... ok
Test	UNKNOWN STEP	2026-05-12T16:59:14.3352176Z test name_external_reference_matches_csharp_hybrid_encoding ... ok
Test	UNKNOWN STEP	2026-05-12T16:59:14.3353694Z test create_and_retrieve_unicode_string_as_utf16_sequence ... ok
Test	UNKNOWN STEP	2026-05-12T16:59:14.3354624Z test name_is_removed_when_external_reference_is_deleted ... ok
Test	UNKNOWN STEP	2026-05-12T16:59:14.3355540Z test deleting_non_named_link_does_not_affect_other_names ... ok
Test	UNKNOWN STEP	2026-05-12T16:59:14.3356336Z test name_is_removed_when_link_is_deleted ... ok
Test	UNKNOWN STEP	2026-05-12T16:59:14.3357389Z test named_links_facade_matches_csharp_named_links_role ... ok
Test	UNKNOWN STEP	2026-05-12T16:59:14.3359583Z test pinned_types_are_created_and_named ... ok
Test	UNKNOWN STEP	2026-05-12T16:59:14.3359965Z
Test	UNKNOWN STEP	2026-05-12T16:59:14.3360485Z test result: ok. 11 passed; 0 failed; 0 ignored; 0 measured; 0 filtered out; finished in 0.00s
Test	UNKNOWN STEP	2026-05-12T16:59:14.3360856Z
Test	UNKNOWN STEP	2026-05-12T16:59:14.3361568Z ^[[1m^[[92m   Doc-tests^[[0m link_cli
Test	UNKNOWN STEP	2026-05-12T16:59:14.3810557Z
Test	UNKNOWN STEP	2026-05-12T16:59:14.3811045Z running 0 tests
Test	UNKNOWN STEP	2026-05-12T16:59:14.3811323Z
Test	UNKNOWN STEP	2026-05-12T16:59:14.3811862Z test result: ok. 0 passed; 0 failed; 0 ignored; 0 measured; 0 filtered out; finished in 0.00s
Test	UNKNOWN STEP	2026-05-12T16:59:14.3812225Z
Test	UNKNOWN STEP	2026-05-12T16:59:14.3888827Z ##[group]Run npm run test:wasm
Test	UNKNOWN STEP	2026-05-12T16:59:14.3889119Z ^[[36;1mnpm run test:wasm^[[0m
Test	UNKNOWN STEP	2026-05-12T16:59:14.3910478Z shell: /usr/bin/bash -e {0}
Test	UNKNOWN STEP	2026-05-12T16:59:14.3910722Z env:
Test	UNKNOWN STEP	2026-05-12T16:59:14.3910908Z   CARGO_HOME: /home/runner/.cargo
Test	UNKNOWN STEP	2026-05-12T16:59:14.3911163Z   CARGO_INCREMENTAL: 0
Test	UNKNOWN STEP	2026-05-12T16:59:14.3911388Z   CARGO_TERM_COLOR: always
Test	UNKNOWN STEP	2026-05-12T16:59:14.3911606Z ##[endgroup]
Test	UNKNOWN STEP	2026-05-12T16:59:14.5098968Z
Test	UNKNOWN STEP	2026-05-12T16:59:14.5099294Z > link-cli-web@2.3.0 test:wasm
Test	UNKNOWN STEP	2026-05-12T16:59:14.5099858Z > wasm-pack test --node ../rust/wasm
Test	UNKNOWN STEP	2026-05-12T16:59:14.5100104Z
Test	UNKNOWN STEP	2026-05-12T16:59:15.1622297Z [INFO]: 🎯  Checking for the Wasm target...
Test	UNKNOWN STEP	2026-05-12T16:59:15.2683413Z ^[[1m^[[92m   Compiling^[[0m link-cli v0.1.0 (/home/runner/work/link-cli/link-cli/rust)
Test	UNKNOWN STEP	2026-05-12T16:59:15.8820938Z ^[[1m^[[92m   Compiling^[[0m clink-wasm v2.3.0 (/home/runner/work/link-cli/link-cli/rust/wasm)
Test	UNKNOWN STEP	2026-05-12T16:59:16.7851141Z ^[[1m^[[92m    Finished^[[0m `dev` profile [unoptimized + debuginfo] target(s) in 1.58s
Test	UNKNOWN STEP	2026-05-12T16:59:16.7940198Z [INFO]: ⬇️  Installing wasm-bindgen...
Test	UNKNOWN STEP	2026-05-12T16:59:17.1344904Z ^[[1m^[[92m    Finished^[[0m `test` profile [unoptimized + debuginfo] target(s) in 0.06s
Test	UNKNOWN STEP	2026-05-12T16:59:17.1371979Z ^[[1m^[[92m     Running^[[0m unittests src/lib.rs (target/wasm32-unknown-unknown/debug/deps/clink_wasm-5e5fcba89f74db83.wasm)
Test	UNKNOWN STEP	2026-05-12T16:59:17.3136211Z no tests to run!
Test	UNKNOWN STEP	2026-05-12T16:59:17.3413414Z ^[[1m^[[92m     Running^[[0m tests/dependabot_alert_tests.rs (target/wasm32-unknown-unknown/debug/deps/dependabot_alert_tests-098124fcbb1e3ba5.wasm)
Test	UNKNOWN STEP	2026-05-12T16:59:17.3861947Z no tests to run!
Test	UNKNOWN STEP	2026-05-12T16:59:17.3930233Z ^[[1m^[[92m     Running^[[0m tests/web.rs (target/wasm32-unknown-unknown/debug/deps/web-568af060111e1a1d.wasm)
Test	UNKNOWN STEP	2026-05-12T16:59:19.8207871Z running 5 tests
Test	UNKNOWN STEP	2026-05-12T16:59:19.8294111Z test reports_invalid_options ... ok
Test	UNKNOWN STEP	2026-05-12T16:59:19.8481945Z test javascript_wasm_api_round_trips_create_update_delete_and_recreate ... ok
Test	UNKNOWN STEP	2026-05-12T16:59:19.8485060Z test exposes_versions ... ok
Test	UNKNOWN STEP	2026-05-12T16:59:19.8502695Z test executes_lino_queries_with_the_rust_core ... ok
Test	UNKNOWN STEP	2026-05-12T16:59:19.8505081Z test creates_a_clink_instance ... ok
Test	UNKNOWN STEP	2026-05-12T16:59:19.8508794Z
Test	UNKNOWN STEP	2026-05-12T16:59:19.8509998Z test result: ok. 5 passed; 0 failed; 0 ignored; 0 filtered out; finished in 0.04s
Test	UNKNOWN STEP	2026-05-12T16:59:19.8510565Z
Test	UNKNOWN STEP	2026-05-12T16:59:19.8571136Z ^[[1m^[[92m   Doc-tests^[[0m clink_wasm
Test	UNKNOWN STEP	2026-05-12T16:59:19.8923036Z
Test	UNKNOWN STEP	2026-05-12T16:59:19.8923501Z running 0 tests
Test	UNKNOWN STEP	2026-05-12T16:59:19.8923852Z
Test	UNKNOWN STEP	2026-05-12T16:59:19.8924704Z test result: ok. 0 passed; 0 failed; 0 ignored; 0 measured; 0 filtered out; finished in 0.00s
Test	UNKNOWN STEP	2026-05-12T16:59:19.8925470Z
Test	UNKNOWN STEP	2026-05-12T16:59:19.9072233Z ##[group]Run npm run build
Test	UNKNOWN STEP	2026-05-12T16:59:19.9072822Z ^[[36;1mnpm run build^[[0m
Test	UNKNOWN STEP	2026-05-12T16:59:19.9094297Z shell: /usr/bin/bash -e {0}
Test	UNKNOWN STEP	2026-05-12T16:59:19.9094535Z env:
Test	UNKNOWN STEP	2026-05-12T16:59:19.9094729Z   CARGO_HOME: /home/runner/.cargo
Test	UNKNOWN STEP	2026-05-12T16:59:19.9094983Z   CARGO_INCREMENTAL: 0
Test	UNKNOWN STEP	2026-05-12T16:59:19.9095197Z   CARGO_TERM_COLOR: always
Test	UNKNOWN STEP	2026-05-12T16:59:19.9095414Z ##[endgroup]
Test	UNKNOWN STEP	2026-05-12T16:59:20.0235930Z
Test	UNKNOWN STEP	2026-05-12T16:59:20.0236477Z > link-cli-web@2.3.0 build
Test	UNKNOWN STEP	2026-05-12T16:59:20.0237181Z > npm run build:wasm && npm run build:web
Test	UNKNOWN STEP	2026-05-12T16:59:20.0237577Z
Test	UNKNOWN STEP	2026-05-12T16:59:20.1369729Z
Test	UNKNOWN STEP	2026-05-12T16:59:20.1370323Z > link-cli-web@2.3.0 build:wasm
Test	UNKNOWN STEP	2026-05-12T16:59:20.1371262Z > wasm-pack build --target web --out-dir ../../js/pkg ../rust/wasm
Test	UNKNOWN STEP	2026-05-12T16:59:20.1371622Z
Test	UNKNOWN STEP	2026-05-12T16:59:20.2320462Z [INFO]: 🎯  Checking for the Wasm target...
Test	UNKNOWN STEP	2026-05-12T16:59:20.2587617Z [INFO]: 🌀  Compiling to Wasm...
Test	UNKNOWN STEP	2026-05-12T16:59:20.3273673Z ^[[1m^[[92m   Compiling^[[0m link-cli v0.1.0 (/home/runner/work/link-cli/link-cli/rust)
Test	UNKNOWN STEP	2026-05-12T16:59:21.4229054Z ^[[1m^[[92m   Compiling^[[0m clink-wasm v2.3.0 (/home/runner/work/link-cli/link-cli/rust/wasm)
Test	UNKNOWN STEP	2026-05-12T16:59:22.1790662Z ^[[1m^[[92m    Finished^[[0m `release` profile [optimized] target(s) in 1.91s
Test	UNKNOWN STEP	2026-05-12T16:59:22.1884060Z [INFO]: ⬇️  Installing wasm-bindgen...
Test	UNKNOWN STEP	2026-05-12T16:59:23.4773572Z [INFO]: Optimizing wasm binaries with `wasm-opt`...
Test	UNKNOWN STEP	2026-05-12T16:59:26.6770820Z [INFO]: License key is set in Cargo.toml but no LICENSE file(s) were found; Please add the LICENSE file(s) to your project directory
Test	UNKNOWN STEP	2026-05-12T16:59:26.6772166Z [INFO]: ✨   Done in 6.45s
Test	UNKNOWN STEP	2026-05-12T16:59:26.6773187Z [INFO]: 📦   Your wasm pkg is ready to publish at ../js/pkg.
Test	UNKNOWN STEP	2026-05-12T16:59:26.7976999Z
Test	UNKNOWN STEP	2026-05-12T16:59:26.7977928Z > link-cli-web@2.3.0 build:web
Test	UNKNOWN STEP	2026-05-12T16:59:26.7978401Z > vite build --config vite.config.js
Test	UNKNOWN STEP	2026-05-12T16:59:26.7978618Z
Test	UNKNOWN STEP	2026-05-12T16:59:26.9999525Z ^[[36mvite v8.0.10 ^[[32mbuilding client environment for production...^[[36m^[[39m
Test	UNKNOWN STEP	2026-05-12T16:59:27.0118578Z ^[[2K
Test	UNKNOWN STEP	2026-05-12T16:59:27.2431858Z transforming...✓ 1737 modules transformed.
Test	UNKNOWN STEP	2026-05-12T16:59:27.2702128Z rendering chunks...
Test	UNKNOWN STEP	2026-05-12T16:59:27.3064201Z computing gzip size...
Test	UNKNOWN STEP	2026-05-12T16:59:27.3127892Z ../dist/assets/favicon-CIVoLc1m.svg             0.37 kB │ gzip:   0.24 kB
Test	UNKNOWN STEP	2026-05-12T16:59:27.3129129Z ../dist/index.html                              0.63 kB │ gzip:   0.38 kB
Test	UNKNOWN STEP	2026-05-12T16:59:27.3129898Z ../dist/assets/doublets_web_bg-cVQpTmMF.wasm   51.41 kB │ gzip:  20.96 kB
Test	UNKNOWN STEP	2026-05-12T16:59:27.3130709Z ../dist/assets/clink_wasm_bg-Bog79H2E.wasm    284.42 kB │ gzip: 123.90 kB
Test	UNKNOWN STEP	2026-05-12T16:59:27.3131640Z ../dist/assets/index-D8XZ-J-o.css               5.91 kB │ gzip:   2.07 kB
Test	UNKNOWN STEP	2026-05-12T16:59:27.3133285Z ../dist/assets/index-BnV7WCY7.js              220.94 kB │ gzip:  68.69 kB
Test	UNKNOWN STEP	2026-05-12T16:59:27.3133658Z
Test	UNKNOWN STEP	2026-05-12T16:59:27.3134027Z ^[[32m✓ built in 312ms^[[39m
Test	UNKNOWN STEP	2026-05-12T16:59:27.3467467Z ##[group]Run actions/upload-artifact@v4
Test	UNKNOWN STEP	2026-05-12T16:59:27.3467757Z with:
Test	UNKNOWN STEP	2026-05-12T16:59:27.3467942Z   name: link-cli-web
Test	UNKNOWN STEP	2026-05-12T16:59:27.3468149Z   path: dist/
Test	UNKNOWN STEP	2026-05-12T16:59:27.3468346Z   if-no-files-found: warn
Test	UNKNOWN STEP	2026-05-12T16:59:27.3468574Z   compression-level: 6
Test	UNKNOWN STEP	2026-05-12T16:59:27.3468778Z   overwrite: false
Test	UNKNOWN STEP	2026-05-12T16:59:27.3468988Z   include-hidden-files: false
Test	UNKNOWN STEP	2026-05-12T16:59:27.3469213Z env:
Test	UNKNOWN STEP	2026-05-12T16:59:27.3469396Z   CARGO_HOME: /home/runner/.cargo
Test	UNKNOWN STEP	2026-05-12T16:59:27.3469648Z   CARGO_INCREMENTAL: 0
Test	UNKNOWN STEP	2026-05-12T16:59:27.3469857Z   CARGO_TERM_COLOR: always
Test	UNKNOWN STEP	2026-05-12T16:59:27.3470067Z ##[endgroup]
Test	UNKNOWN STEP	2026-05-12T16:59:27.5635162Z With the provided path, there will be 6 files uploaded
Test	UNKNOWN STEP	2026-05-12T16:59:27.5641799Z Artifact name is valid!
Test	UNKNOWN STEP	2026-05-12T16:59:27.5643211Z Root directory input is valid!
Test	UNKNOWN STEP	2026-05-12T16:59:27.6578402Z Beginning upload of artifact content to blob storage
Test	UNKNOWN STEP	2026-05-12T16:59:27.7439167Z Uploaded bytes 215109
Test	UNKNOWN STEP	2026-05-12T16:59:27.7586688Z Finished uploading artifact content to blob storage!
Test	UNKNOWN STEP	2026-05-12T16:59:27.7590536Z SHA256 digest of uploaded artifact zip is 059facd66017741984816ff77a8b712cd463cd62ed93f6c2f36565aef6c84bf8
Test	UNKNOWN STEP	2026-05-12T16:59:27.7592065Z Finalizing artifact upload
Test	UNKNOWN STEP	2026-05-12T16:59:27.8685711Z Artifact link-cli-web.zip successfully finalized. Artifact ID 6950582024
Test	UNKNOWN STEP	2026-05-12T16:59:27.8687402Z Artifact link-cli-web has been successfully uploaded! Final size is 215109 bytes. Artifact ID is 6950582024
Test	UNKNOWN STEP	2026-05-12T16:59:27.8694755Z Artifact download URL: https://github.com/link-foundation/link-cli/actions/runs/25749403949/artifacts/6950582024
Test	UNKNOWN STEP	2026-05-12T16:59:27.9382961Z Post job cleanup.
Test	UNKNOWN STEP	2026-05-12T16:59:28.0723277Z Cache hit occurred on the primary key Linux-wasm-cargo-22376137081c5ebc35abde90b3a80a6689287fd12d6f0ceea94e66b1d419e921, not saving cache.
Test	UNKNOWN STEP	2026-05-12T16:59:28.0840463Z Post job cleanup.
Test	UNKNOWN STEP	2026-05-12T16:59:28.2404747Z Cache hit occurred on the primary key node-cache-Linux-x64-npm-d315d8b9cf81d047cf497bbcc55d1d84ab2bcc1d591d7e669c7aa9738b286549, not saving cache.
Test	UNKNOWN STEP	2026-05-12T16:59:28.2522228Z Post job cleanup.
Test	UNKNOWN STEP	2026-05-12T16:59:28.3486627Z [command]/usr/bin/git version
Test	UNKNOWN STEP	2026-05-12T16:59:28.3523290Z git version 2.53.0
Test	UNKNOWN STEP	2026-05-12T16:59:28.3566397Z Temporarily overriding HOME='/home/runner/work/_temp/32e565c1-c317-4f16-92a3-a99519b0832f' before making global git config changes
Test	UNKNOWN STEP	2026-05-12T16:59:28.3567399Z Adding repository directory to the temporary git global config as a safe directory
Test	UNKNOWN STEP	2026-05-12T16:59:28.3578061Z [command]/usr/bin/git config --global --add safe.directory /home/runner/work/link-cli/link-cli
Test	UNKNOWN STEP	2026-05-12T16:59:28.3610443Z [command]/usr/bin/git config --local --name-only --get-regexp core\.sshCommand
Test	UNKNOWN STEP	2026-05-12T16:59:28.3642282Z [command]/usr/bin/git submodule foreach --recursive sh -c "git config --local --name-only --get-regexp 'core\.sshCommand' && git config --local --unset-all 'core.sshCommand' || :"
Test	UNKNOWN STEP	2026-05-12T16:59:28.3861380Z [command]/usr/bin/git config --local --name-only --get-regexp http\.https\:\/\/github\.com\/\.extraheader
Test	UNKNOWN STEP	2026-05-12T16:59:28.3880564Z http.https://github.com/.extraheader
Test	UNKNOWN STEP	2026-05-12T16:59:28.3892778Z [command]/usr/bin/git config --local --unset-all http.https://github.com/.extraheader
Test	UNKNOWN STEP	2026-05-12T16:59:28.3921264Z [command]/usr/bin/git submodule foreach --recursive sh -c "git config --local --name-only --get-regexp 'http\.https\:\/\/github\.com\/\.extraheader' && git config --local --unset-all 'http.https://github.com/.extraheader' || :"
Test	UNKNOWN STEP	2026-05-12T16:59:28.4135292Z [command]/usr/bin/git config --local --name-only --get-regexp ^includeIf\.gitdir:
Test	UNKNOWN STEP	2026-05-12T16:59:28.4164939Z [command]/usr/bin/git submodule foreach --recursive git config --local --show-origin --name-only --get-regexp remote.origin.url
Test	UNKNOWN STEP	2026-05-12T16:59:28.4480634Z Cleaning up orphan processes
Test	UNKNOWN STEP	2026-05-12T16:59:28.4760203Z ##[warning]Node.js 20 actions are deprecated. The following actions are running on Node.js 20 and may not work as expected: actions/cache@v4, actions/checkout@v4, actions/setup-node@v4, actions/upload-artifact@v4. Actions will be forced to run with Node.js 24 by default starting June 2nd, 2026. Node.js 20 will be removed from the runner on September 16th, 2026. Please check if updated versions of these actions are available that support Node.js 24. To opt into Node.js 24 now, set the FORCE_JAVASCRIPT_ACTIONS_TO_NODE24=true environment variable on the runner or in your workflow file. Once Node.js 24 becomes the default, you can temporarily opt out by setting ACTIONS_ALLOW_USE_UNSECURE_NODE_VERSION=true. For more information see: https://github.blog/changelog/2025-09-19-deprecation-of-node-20-on-github-actions-runners/
Build GitHub Pages app	UNKNOWN STEP	﻿2026-05-12T16:59:33.3145350Z Current runner version: '2.334.0'
Build GitHub Pages app	UNKNOWN STEP	2026-05-12T16:59:33.3170242Z ##[group]Runner Image Provisioner
Build GitHub Pages app	UNKNOWN STEP	2026-05-12T16:59:33.3171294Z Hosted Compute Agent
Build GitHub Pages app	UNKNOWN STEP	2026-05-12T16:59:33.3171826Z Version: 20260213.493
Build GitHub Pages app	UNKNOWN STEP	2026-05-12T16:59:33.3172656Z Commit: 5c115507f6dd24b8de37d8bbe0bb4509d0cc0fa3
Build GitHub Pages app	UNKNOWN STEP	2026-05-12T16:59:33.3173315Z Build Date: 2026-02-13T00:28:41Z
Build GitHub Pages app	UNKNOWN STEP	2026-05-12T16:59:33.3174061Z Worker ID: {dc668142-547e-41bd-bad6-6d0089a22bc9}
Build GitHub Pages app	UNKNOWN STEP	2026-05-12T16:59:33.3174750Z Azure Region: eastus
Build GitHub Pages app	UNKNOWN STEP	2026-05-12T16:59:33.3175278Z ##[endgroup]
Build GitHub Pages app	UNKNOWN STEP	2026-05-12T16:59:33.3177086Z ##[group]Operating System
Build GitHub Pages app	UNKNOWN STEP	2026-05-12T16:59:33.3177671Z Ubuntu
Build GitHub Pages app	UNKNOWN STEP	2026-05-12T16:59:33.3178122Z 24.04.4
Build GitHub Pages app	UNKNOWN STEP	2026-05-12T16:59:33.3179013Z LTS
Build GitHub Pages app	UNKNOWN STEP	2026-05-12T16:59:33.3179500Z ##[endgroup]
Build GitHub Pages app	UNKNOWN STEP	2026-05-12T16:59:33.3180006Z ##[group]Runner Image
Build GitHub Pages app	UNKNOWN STEP	2026-05-12T16:59:33.3180621Z Image: ubuntu-24.04
Build GitHub Pages app	UNKNOWN STEP	2026-05-12T16:59:33.3181145Z Version: 20260413.86.1
Build GitHub Pages app	UNKNOWN STEP	2026-05-12T16:59:33.3182591Z Included Software: https://github.com/actions/runner-images/blob/ubuntu24/20260413.86/images/ubuntu/Ubuntu2404-Readme.md
Build GitHub Pages app	UNKNOWN STEP	2026-05-12T16:59:33.3184111Z Image Release: https://github.com/actions/runner-images/releases/tag/ubuntu24%2F20260413.86
Build GitHub Pages app	UNKNOWN STEP	2026-05-12T16:59:33.3185000Z ##[endgroup]
Build GitHub Pages app	UNKNOWN STEP	2026-05-12T16:59:33.3186045Z ##[group]GITHUB_TOKEN Permissions
Build GitHub Pages app	UNKNOWN STEP	2026-05-12T16:59:33.3188136Z Contents: read
Build GitHub Pages app	UNKNOWN STEP	2026-05-12T16:59:33.3188733Z Metadata: read
Build GitHub Pages app	UNKNOWN STEP	2026-05-12T16:59:33.3189253Z ##[endgroup]
Build GitHub Pages app	UNKNOWN STEP	2026-05-12T16:59:33.3191693Z Secret source: Actions
Build GitHub Pages app	UNKNOWN STEP	2026-05-12T16:59:33.3193210Z Prepare workflow directory
Build GitHub Pages app	UNKNOWN STEP	2026-05-12T16:59:33.3517774Z Prepare all required actions
Build GitHub Pages app	UNKNOWN STEP	2026-05-12T16:59:33.3554563Z Getting action download info
Build GitHub Pages app	UNKNOWN STEP	2026-05-12T16:59:33.8372247Z Download action repository 'actions/checkout@v4' (SHA:34e114876b0b11c390a56381ad16ebd13914f8d5)
Build GitHub Pages app	UNKNOWN STEP	2026-05-12T16:59:33.9803673Z Download action repository 'dtolnay/rust-toolchain@stable' (SHA:29eef336d9b2848a0b548edc03f92a220660cdb8)
Build GitHub Pages app	UNKNOWN STEP	2026-05-12T16:59:34.0745280Z Download action repository 'actions/setup-node@v4' (SHA:49933ea5288caeca8642d1e84afbd3f7d6820020)
Build GitHub Pages app	UNKNOWN STEP	2026-05-12T16:59:34.2252643Z Download action repository 'actions/cache@v4' (SHA:0057852bfaa89a56745cba8c7296529d2fc39830)
Build GitHub Pages app	UNKNOWN STEP	2026-05-12T16:59:34.3173129Z Download action repository 'actions/configure-pages@v5' (SHA:983d7736d9b0ae728b81ab479565c72886d7745b)
Build GitHub Pages app	UNKNOWN STEP	2026-05-12T16:59:34.4611003Z Download action repository 'actions/upload-pages-artifact@v4' (SHA:7b1f4a764d45c48632c6b24a0339c27f5614fb0b)
Build GitHub Pages app	UNKNOWN STEP	2026-05-12T16:59:34.7214211Z Getting action download info
Build GitHub Pages app	UNKNOWN STEP	2026-05-12T16:59:34.8407793Z Download action repository 'actions/upload-artifact@ea165f8d65b6e75b540449e92b4886f43607fa02' (SHA:ea165f8d65b6e75b540449e92b4886f43607fa02)
Build GitHub Pages app	UNKNOWN STEP	2026-05-12T16:59:34.9809717Z Complete job name: Build GitHub Pages app
Build GitHub Pages app	UNKNOWN STEP	2026-05-12T16:59:35.0666266Z ##[group]Run actions/checkout@v4
Build GitHub Pages app	UNKNOWN STEP	2026-05-12T16:59:35.0667515Z with:
Build GitHub Pages app	UNKNOWN STEP	2026-05-12T16:59:35.0668214Z   repository: link-foundation/link-cli
Build GitHub Pages app	UNKNOWN STEP	2026-05-12T16:59:35.0669433Z   token: ***
Build GitHub Pages app	UNKNOWN STEP	2026-05-12T16:59:35.0670108Z   ssh-strict: true
Build GitHub Pages app	UNKNOWN STEP	2026-05-12T16:59:35.0670803Z   ssh-user: git
Build GitHub Pages app	UNKNOWN STEP	2026-05-12T16:59:35.0671642Z   persist-credentials: true
Build GitHub Pages app	UNKNOWN STEP	2026-05-12T16:59:35.0672676Z   clean: true
Build GitHub Pages app	UNKNOWN STEP	2026-05-12T16:59:35.0673418Z   sparse-checkout-cone-mode: true
Build GitHub Pages app	UNKNOWN STEP	2026-05-12T16:59:35.0674309Z   fetch-depth: 1
Build GitHub Pages app	UNKNOWN STEP	2026-05-12T16:59:35.0674999Z   fetch-tags: false
Build GitHub Pages app	UNKNOWN STEP	2026-05-12T16:59:35.0675710Z   show-progress: true
Build GitHub Pages app	UNKNOWN STEP	2026-05-12T16:59:35.0676440Z   lfs: false
Build GitHub Pages app	UNKNOWN STEP	2026-05-12T16:59:35.0677080Z   submodules: false
Build GitHub Pages app	UNKNOWN STEP	2026-05-12T16:59:35.0677803Z   set-safe-directory: true
Build GitHub Pages app	UNKNOWN STEP	2026-05-12T16:59:35.0678886Z ##[endgroup]
Build GitHub Pages app	UNKNOWN STEP	2026-05-12T16:59:35.1924408Z Syncing repository: link-foundation/link-cli
Build GitHub Pages app	UNKNOWN STEP	2026-05-12T16:59:35.1928279Z ##[group]Getting Git version info
Build GitHub Pages app	UNKNOWN STEP	2026-05-12T16:59:35.1930346Z Working directory is '/home/runner/work/link-cli/link-cli'
Build GitHub Pages app	UNKNOWN STEP	2026-05-12T16:59:35.1933631Z [command]/usr/bin/git version
Build GitHub Pages app	UNKNOWN STEP	2026-05-12T16:59:35.1935046Z git version 2.53.0
Build GitHub Pages app	UNKNOWN STEP	2026-05-12T16:59:35.1938404Z ##[endgroup]
Build GitHub Pages app	UNKNOWN STEP	2026-05-12T16:59:35.1945865Z Temporarily overriding HOME='/home/runner/work/_temp/47727630-fa92-443c-82e0-8dbfe548ed81' before making global git config changes
Build GitHub Pages app	UNKNOWN STEP	2026-05-12T16:59:35.1948562Z Adding repository directory to the temporary git global config as a safe directory
Build GitHub Pages app	UNKNOWN STEP	2026-05-12T16:59:35.1950930Z [command]/usr/bin/git config --global --add safe.directory /home/runner/work/link-cli/link-cli
Build GitHub Pages app	UNKNOWN STEP	2026-05-12T16:59:35.1964460Z Deleting the contents of '/home/runner/work/link-cli/link-cli'
Build GitHub Pages app	UNKNOWN STEP	2026-05-12T16:59:35.1967866Z ##[group]Initializing the repository
Build GitHub Pages app	UNKNOWN STEP	2026-05-12T16:59:35.1971850Z [command]/usr/bin/git init /home/runner/work/link-cli/link-cli
Build GitHub Pages app	UNKNOWN STEP	2026-05-12T16:59:35.2069242Z hint: Using 'master' as the name for the initial branch. This default branch name
Build GitHub Pages app	UNKNOWN STEP	2026-05-12T16:59:35.2072795Z hint: will change to "main" in Git 3.0. To configure the initial branch name
Build GitHub Pages app	UNKNOWN STEP	2026-05-12T16:59:35.2075870Z hint: to use in all of your new repositories, which will suppress this warning,
Build GitHub Pages app	UNKNOWN STEP	2026-05-12T16:59:35.2078281Z hint: call:
Build GitHub Pages app	UNKNOWN STEP	2026-05-12T16:59:35.2079377Z hint:
Build GitHub Pages app	UNKNOWN STEP	2026-05-12T16:59:35.2080979Z hint: 	git config --global init.defaultBranch <name>
Build GitHub Pages app	UNKNOWN STEP	2026-05-12T16:59:35.2083199Z hint:
Build GitHub Pages app	UNKNOWN STEP	2026-05-12T16:59:35.2084995Z hint: Names commonly chosen instead of 'master' are 'main', 'trunk' and
Build GitHub Pages app	UNKNOWN STEP	2026-05-12T16:59:35.2087992Z hint: 'development'. The just-created branch can be renamed via this command:
Build GitHub Pages app	UNKNOWN STEP	2026-05-12T16:59:35.2090339Z hint:
Build GitHub Pages app	UNKNOWN STEP	2026-05-12T16:59:35.2091054Z hint: 	git branch -m <name>
Build GitHub Pages app	UNKNOWN STEP	2026-05-12T16:59:35.2091865Z hint:
Build GitHub Pages app	UNKNOWN STEP	2026-05-12T16:59:35.2093318Z hint: Disable this message with "git config set advice.defaultBranchName false"
Build GitHub Pages app	UNKNOWN STEP	2026-05-12T16:59:35.2095767Z Initialized empty Git repository in /home/runner/work/link-cli/link-cli/.git/
Build GitHub Pages app	UNKNOWN STEP	2026-05-12T16:59:35.2100390Z [command]/usr/bin/git remote add origin https://github.com/link-foundation/link-cli
Build GitHub Pages app	UNKNOWN STEP	2026-05-12T16:59:35.2115474Z ##[endgroup]
Build GitHub Pages app	UNKNOWN STEP	2026-05-12T16:59:35.2117663Z ##[group]Disabling automatic garbage collection
Build GitHub Pages app	UNKNOWN STEP	2026-05-12T16:59:35.2119873Z [command]/usr/bin/git config --local gc.auto 0
Build GitHub Pages app	UNKNOWN STEP	2026-05-12T16:59:35.2149226Z ##[endgroup]
Build GitHub Pages app	UNKNOWN STEP	2026-05-12T16:59:35.2151305Z ##[group]Setting up auth
Build GitHub Pages app	UNKNOWN STEP	2026-05-12T16:59:35.2157296Z [command]/usr/bin/git config --local --name-only --get-regexp core\.sshCommand
Build GitHub Pages app	UNKNOWN STEP	2026-05-12T16:59:35.2190546Z [command]/usr/bin/git submodule foreach --recursive sh -c "git config --local --name-only --get-regexp 'core\.sshCommand' && git config --local --unset-all 'core.sshCommand' || :"
Build GitHub Pages app	UNKNOWN STEP	2026-05-12T16:59:35.2474147Z [command]/usr/bin/git config --local --name-only --get-regexp http\.https\:\/\/github\.com\/\.extraheader
Build GitHub Pages app	UNKNOWN STEP	2026-05-12T16:59:35.2506182Z [command]/usr/bin/git submodule foreach --recursive sh -c "git config --local --name-only --get-regexp 'http\.https\:\/\/github\.com\/\.extraheader' && git config --local --unset-all 'http.https://github.com/.extraheader' || :"
Build GitHub Pages app	UNKNOWN STEP	2026-05-12T16:59:35.2722257Z [command]/usr/bin/git config --local --name-only --get-regexp ^includeIf\.gitdir:
Build GitHub Pages app	UNKNOWN STEP	2026-05-12T16:59:35.2754724Z [command]/usr/bin/git submodule foreach --recursive git config --local --show-origin --name-only --get-regexp remote.origin.url
Build GitHub Pages app	UNKNOWN STEP	2026-05-12T16:59:35.2985337Z [command]/usr/bin/git config --local http.https://github.com/.extraheader AUTHORIZATION: basic ***
Build GitHub Pages app	UNKNOWN STEP	2026-05-12T16:59:35.3019446Z ##[endgroup]
Build GitHub Pages app	UNKNOWN STEP	2026-05-12T16:59:35.3021623Z ##[group]Fetching the repository
Build GitHub Pages app	UNKNOWN STEP	2026-05-12T16:59:35.3031328Z [command]/usr/bin/git -c protocol.version=2 fetch --no-tags --prune --no-recurse-submodules --depth=1 origin +d47e551d2d66c7bfe93f9a869ce9fab36347e317:refs/remotes/origin/main
Build GitHub Pages app	UNKNOWN STEP	2026-05-12T16:59:35.9515346Z From https://github.com/link-foundation/link-cli
Build GitHub Pages app	UNKNOWN STEP	2026-05-12T16:59:35.9518454Z  * [new ref]         d47e551d2d66c7bfe93f9a869ce9fab36347e317 -> origin/main
Build GitHub Pages app	UNKNOWN STEP	2026-05-12T16:59:35.9545725Z ##[endgroup]
Build GitHub Pages app	UNKNOWN STEP	2026-05-12T16:59:35.9547840Z ##[group]Determining the checkout info
Build GitHub Pages app	UNKNOWN STEP	2026-05-12T16:59:35.9550222Z ##[endgroup]
Build GitHub Pages app	UNKNOWN STEP	2026-05-12T16:59:35.9554003Z [command]/usr/bin/git sparse-checkout disable
Build GitHub Pages app	UNKNOWN STEP	2026-05-12T16:59:35.9591734Z [command]/usr/bin/git config --local --unset-all extensions.worktreeConfig
Build GitHub Pages app	UNKNOWN STEP	2026-05-12T16:59:35.9619473Z ##[group]Checking out the ref
Build GitHub Pages app	UNKNOWN STEP	2026-05-12T16:59:35.9622954Z [command]/usr/bin/git checkout --progress --force -B main refs/remotes/origin/main
Build GitHub Pages app	UNKNOWN STEP	2026-05-12T16:59:36.0219551Z Switched to a new branch 'main'
Build GitHub Pages app	UNKNOWN STEP	2026-05-12T16:59:36.0221078Z branch 'main' set up to track 'origin/main'.
Build GitHub Pages app	UNKNOWN STEP	2026-05-12T16:59:36.0233924Z ##[endgroup]
Build GitHub Pages app	UNKNOWN STEP	2026-05-12T16:59:36.0272177Z [command]/usr/bin/git log -1 --format=%H
Build GitHub Pages app	UNKNOWN STEP	2026-05-12T16:59:36.0294250Z d47e551d2d66c7bfe93f9a869ce9fab36347e317
Build GitHub Pages app	UNKNOWN STEP	2026-05-12T16:59:36.0835725Z ##[group]Run dtolnay/rust-toolchain@stable
Build GitHub Pages app	UNKNOWN STEP	2026-05-12T16:59:36.0836793Z with:
Build GitHub Pages app	UNKNOWN STEP	2026-05-12T16:59:36.0837555Z   targets: wasm32-unknown-unknown
Build GitHub Pages app	UNKNOWN STEP	2026-05-12T16:59:36.0838504Z   toolchain: stable
Build GitHub Pages app	UNKNOWN STEP	2026-05-12T16:59:36.0839284Z ##[endgroup]
Build GitHub Pages app	UNKNOWN STEP	2026-05-12T16:59:36.0996197Z ##[group]Run : parse toolchain version
Build GitHub Pages app	UNKNOWN STEP	2026-05-12T16:59:36.0997344Z ^[[36;1m: parse toolchain version^[[0m
Build GitHub Pages app	UNKNOWN STEP	2026-05-12T16:59:36.0998323Z ^[[36;1mif [[ -z $toolchain ]]; then^[[0m
Build GitHub Pages app	UNKNOWN STEP	2026-05-12T16:59:36.1000052Z ^[[36;1m  # GitHub does not enforce `required: true` inputs itself. https://github.com/actions/runner/issues/1070^[[0m
Build GitHub Pages app	UNKNOWN STEP	2026-05-12T16:59:36.1001926Z ^[[36;1m  echo "'toolchain' is a required input" >&2^[[0m
Build GitHub Pages app	UNKNOWN STEP	2026-05-12T16:59:36.1003175Z ^[[36;1m  exit 1^[[0m
Build GitHub Pages app	UNKNOWN STEP	2026-05-12T16:59:36.1004328Z ^[[36;1melif [[ $toolchain =~ ^stable' '[0-9]+' '(year|month|week|day)s?' 'ago$ ]]; then^[[0m
Build GitHub Pages app	UNKNOWN STEP	2026-05-12T16:59:36.1005778Z ^[[36;1m  if [[ Linux == macOS ]]; then^[[0m
Build GitHub Pages app	UNKNOWN STEP	2026-05-12T16:59:36.1007589Z ^[[36;1m    echo "toolchain=1.$((($(date -v-$(sed 's/stable \([0-9]*\) \(.\).*/\1\2/' <<< $toolchain) +%s)/60/60/24-16569)/7/6))" >> $GITHUB_OUTPUT^[[0m
Build GitHub Pages app	UNKNOWN STEP	2026-05-12T16:59:36.1009348Z ^[[36;1m  else^[[0m
Build GitHub Pages app	UNKNOWN STEP	2026-05-12T16:59:36.1010737Z ^[[36;1m    echo "toolchain=1.$((($(date --date "${toolchain#stable }" +%s)/60/60/24-16569)/7/6))" >> $GITHUB_OUTPUT^[[0m
Build GitHub Pages app	UNKNOWN STEP	2026-05-12T16:59:36.1012469Z ^[[36;1m  fi^[[0m
Build GitHub Pages app	UNKNOWN STEP	2026-05-12T16:59:36.1013501Z ^[[36;1melif [[ $toolchain =~ ^stable' 'minus' '[0-9]+' 'releases?$ ]]; then^[[0m
Build GitHub Pages app	UNKNOWN STEP	2026-05-12T16:59:36.1015328Z ^[[36;1m  echo "toolchain=1.$((($(date +%s)/60/60/24-16569)/7/6-${toolchain//[^0-9]/}))" >> $GITHUB_OUTPUT^[[0m
Build GitHub Pages app	UNKNOWN STEP	2026-05-12T16:59:36.1016931Z ^[[36;1melif [[ $toolchain =~ ^1\.[0-9]+$ ]]; then^[[0m
Build GitHub Pages app	UNKNOWN STEP	2026-05-12T16:59:36.1018730Z ^[[36;1m  echo "toolchain=1.$((i=${toolchain#1.}, c=($(date +%s)/60/60/24-16569)/7/6, i+9*i*(10*i<=c)+90*i*(100*i<=c)))" >> $GITHUB_OUTPUT^[[0m
Build GitHub Pages app	UNKNOWN STEP	2026-05-12T16:59:36.1020491Z ^[[36;1melse^[[0m
Build GitHub Pages app	UNKNOWN STEP	2026-05-12T16:59:36.1021357Z ^[[36;1m  echo "toolchain=$toolchain" >> $GITHUB_OUTPUT^[[0m
Build GitHub Pages app	UNKNOWN STEP	2026-05-12T16:59:36.1022544Z ^[[36;1mfi^[[0m
Build GitHub Pages app	UNKNOWN STEP	2026-05-12T16:59:36.1050339Z shell: /usr/bin/bash --noprofile --norc -e -o pipefail {0}
Build GitHub Pages app	UNKNOWN STEP	2026-05-12T16:59:36.1051508Z env:
Build GitHub Pages app	UNKNOWN STEP	2026-05-12T16:59:36.1052583Z   toolchain: stable
Build GitHub Pages app	UNKNOWN STEP	2026-05-12T16:59:36.1053333Z ##[endgroup]
Build GitHub Pages app	UNKNOWN STEP	2026-05-12T16:59:36.1223098Z ##[group]Run : construct rustup command line
Build GitHub Pages app	UNKNOWN STEP	2026-05-12T16:59:36.1224232Z ^[[36;1m: construct rustup command line^[[0m
Build GitHub Pages app	UNKNOWN STEP	2026-05-12T16:59:36.1225749Z ^[[36;1mecho "targets=$(for t in ${targets//,/ }; do echo -n ' --target' $t; done)" >> $GITHUB_OUTPUT^[[0m
Build GitHub Pages app	UNKNOWN STEP	2026-05-12T16:59:36.1227912Z ^[[36;1mecho "components=$(for c in ${components//,/ }; do echo -n ' --component' $c; done)" >> $GITHUB_OUTPUT^[[0m
Build GitHub Pages app	UNKNOWN STEP	2026-05-12T16:59:36.1229602Z ^[[36;1mecho "downgrade=" >> $GITHUB_OUTPUT^[[0m
Build GitHub Pages app	UNKNOWN STEP	2026-05-12T16:59:36.1253347Z shell: /usr/bin/bash --noprofile --norc -e -o pipefail {0}
Build GitHub Pages app	UNKNOWN STEP	2026-05-12T16:59:36.1254511Z env:
Build GitHub Pages app	UNKNOWN STEP	2026-05-12T16:59:36.1255235Z   targets: wasm32-unknown-unknown
Build GitHub Pages app	UNKNOWN STEP	2026-05-12T16:59:36.1256144Z   components:
Build GitHub Pages app	UNKNOWN STEP	2026-05-12T16:59:36.1256846Z ##[endgroup]
Build GitHub Pages app	UNKNOWN STEP	2026-05-12T16:59:36.1368812Z ##[group]Run : set $CARGO_HOME
Build GitHub Pages app	UNKNOWN STEP	2026-05-12T16:59:36.1369706Z ^[[36;1m: set $CARGO_HOME^[[0m
Build GitHub Pages app	UNKNOWN STEP	2026-05-12T16:59:36.1370824Z ^[[36;1mecho CARGO_HOME=${CARGO_HOME:-"$HOME/.cargo"} >> $GITHUB_ENV^[[0m
Build GitHub Pages app	UNKNOWN STEP	2026-05-12T16:59:36.1394113Z shell: /usr/bin/bash --noprofile --norc -e -o pipefail {0}
Build GitHub Pages app	UNKNOWN STEP	2026-05-12T16:59:36.1395254Z ##[endgroup]
Build GitHub Pages app	UNKNOWN STEP	2026-05-12T16:59:36.1504351Z ##[group]Run : install rustup if needed
Build GitHub Pages app	UNKNOWN STEP	2026-05-12T16:59:36.1505453Z ^[[36;1m: install rustup if needed^[[0m
Build GitHub Pages app	UNKNOWN STEP	2026-05-12T16:59:36.1506556Z ^[[36;1mif ! command -v rustup &>/dev/null; then^[[0m
Build GitHub Pages app	UNKNOWN STEP	2026-05-12T16:59:36.1509133Z ^[[36;1m  curl --proto '=https' --tlsv1.2 --retry 10 --retry-connrefused --location --silent --show-error --fail https://sh.rustup.rs | sh -s -- --default-toolchain none -y^[[0m
Build GitHub Pages app	UNKNOWN STEP	2026-05-12T16:59:36.1512356Z ^[[36;1m  echo "$CARGO_HOME/bin" >> $GITHUB_PATH^[[0m
Build GitHub Pages app	UNKNOWN STEP	2026-05-12T16:59:36.1513486Z ^[[36;1mfi^[[0m
Build GitHub Pages app	UNKNOWN STEP	2026-05-12T16:59:36.1536518Z shell: /usr/bin/bash --noprofile --norc -e -o pipefail {0}
Build GitHub Pages app	UNKNOWN STEP	2026-05-12T16:59:36.1537776Z env:
Build GitHub Pages app	UNKNOWN STEP	2026-05-12T16:59:36.1538669Z   CARGO_HOME: /home/runner/.cargo
Build GitHub Pages app	UNKNOWN STEP	2026-05-12T16:59:36.1539616Z ##[endgroup]
Build GitHub Pages app	UNKNOWN STEP	2026-05-12T16:59:36.1653181Z ##[group]Run rustup toolchain install stable --target wasm32-unknown-unknown --profile minimal --no-self-update
Build GitHub Pages app	UNKNOWN STEP	2026-05-12T16:59:36.1655691Z ^[[36;1mrustup toolchain install stable --target wasm32-unknown-unknown --profile minimal --no-self-update^[[0m
Build GitHub Pages app	UNKNOWN STEP	2026-05-12T16:59:36.1678731Z shell: /usr/bin/bash --noprofile --norc -e -o pipefail {0}
Build GitHub Pages app	UNKNOWN STEP	2026-05-12T16:59:36.1679861Z env:
Build GitHub Pages app	UNKNOWN STEP	2026-05-12T16:59:36.1680552Z   CARGO_HOME: /home/runner/.cargo
Build GitHub Pages app	UNKNOWN STEP	2026-05-12T16:59:36.1681475Z   RUSTUP_PERMIT_COPY_RENAME: 1
Build GitHub Pages app	UNKNOWN STEP	2026-05-12T16:59:36.1682522Z ##[endgroup]
Build GitHub Pages app	UNKNOWN STEP	2026-05-12T16:59:36.3203245Z info: syncing channel updates for stable-x86_64-unknown-linux-gnu
Build GitHub Pages app	UNKNOWN STEP	2026-05-12T16:59:36.4145493Z info: latest update on 2026-04-16 for version 1.95.0 (59807616e 2026-04-14)
Build GitHub Pages app	UNKNOWN STEP	2026-05-12T16:59:36.4260884Z info: removing previous version of component clippy
Build GitHub Pages app	UNKNOWN STEP	2026-05-12T16:59:36.4279843Z info: removing previous version of component rustfmt
Build GitHub Pages app	UNKNOWN STEP	2026-05-12T16:59:36.4292465Z info: removing previous version of component cargo
Build GitHub Pages app	UNKNOWN STEP	2026-05-12T16:59:36.4358527Z info: removing previous version of component rust-std
Build GitHub Pages app	UNKNOWN STEP	2026-05-12T16:59:36.4411197Z info: removing previous version of component rustc
Build GitHub Pages app	UNKNOWN STEP	2026-05-12T16:59:36.4465930Z info: downloading 6 components
Build GitHub Pages app	UNKNOWN STEP	2026-05-12T16:59:45.8586672Z
Build GitHub Pages app	UNKNOWN STEP	2026-05-12T16:59:45.8668889Z   stable-x86_64-unknown-linux-gnu updated - rustc 1.95.0 (59807616e 2026-04-14) (from rustc 1.94.1 (e408947bf 2026-03-25))
Build GitHub Pages app	UNKNOWN STEP	2026-05-12T16:59:45.8669924Z
Build GitHub Pages app	UNKNOWN STEP	2026-05-12T16:59:45.8754240Z ##[group]Run rustup default stable
Build GitHub Pages app	UNKNOWN STEP	2026-05-12T16:59:45.8754539Z ^[[36;1mrustup default stable^[[0m
Build GitHub Pages app	UNKNOWN STEP	2026-05-12T16:59:45.8775388Z shell: /usr/bin/bash --noprofile --norc -e -o pipefail {0}
Build GitHub Pages app	UNKNOWN STEP	2026-05-12T16:59:45.8775718Z env:
Build GitHub Pages app	UNKNOWN STEP	2026-05-12T16:59:45.8775901Z   CARGO_HOME: /home/runner/.cargo
Build GitHub Pages app	UNKNOWN STEP	2026-05-12T16:59:45.8776135Z ##[endgroup]
Build GitHub Pages app	UNKNOWN STEP	2026-05-12T16:59:45.8867625Z info: using existing install for stable-x86_64-unknown-linux-gnu
Build GitHub Pages app	UNKNOWN STEP	2026-05-12T16:59:45.8876154Z info: default toolchain set to stable-x86_64-unknown-linux-gnu
Build GitHub Pages app	UNKNOWN STEP	2026-05-12T16:59:45.8876656Z
Build GitHub Pages app	UNKNOWN STEP	2026-05-12T16:59:45.8940539Z   stable-x86_64-unknown-linux-gnu unchanged - rustc 1.95.0 (59807616e 2026-04-14)
Build GitHub Pages app	UNKNOWN STEP	2026-05-12T16:59:45.8941156Z
Build GitHub Pages app	UNKNOWN STEP	2026-05-12T16:59:45.8976723Z ##[group]Run : create cachekey
Build GitHub Pages app	UNKNOWN STEP	2026-05-12T16:59:45.8977016Z ^[[36;1m: create cachekey^[[0m
Build GitHub Pages app	UNKNOWN STEP	2026-05-12T16:59:45.8977507Z ^[[36;1mDATE=$(rustc +stable --version --verbose | sed -ne 's/^commit-date: \(20[0-9][0-9]\)-\([01][0-9]\)-\([0-3][0-9]\)$/\1\2\3/p')^[[0m
Build GitHub Pages app	UNKNOWN STEP	2026-05-12T16:59:45.8978140Z ^[[36;1mHASH=$(rustc +stable --version --verbose | sed -ne 's/^commit-hash: //p')^[[0m
Build GitHub Pages app	UNKNOWN STEP	2026-05-12T16:59:45.8978605Z ^[[36;1mecho "cachekey=$(echo $DATE$HASH | head -c12)" >> $GITHUB_OUTPUT^[[0m
Build GitHub Pages app	UNKNOWN STEP	2026-05-12T16:59:45.8998546Z shell: /usr/bin/bash --noprofile --norc -e -o pipefail {0}
Build GitHub Pages app	UNKNOWN STEP	2026-05-12T16:59:45.8998879Z env:
Build GitHub Pages app	UNKNOWN STEP	2026-05-12T16:59:45.8999060Z   CARGO_HOME: /home/runner/.cargo
Build GitHub Pages app	UNKNOWN STEP	2026-05-12T16:59:45.8999310Z ##[endgroup]
Build GitHub Pages app	UNKNOWN STEP	2026-05-12T16:59:45.9338075Z ##[group]Run : disable incremental compilation
Build GitHub Pages app	UNKNOWN STEP	2026-05-12T16:59:45.9338444Z ^[[36;1m: disable incremental compilation^[[0m
Build GitHub Pages app	UNKNOWN STEP	2026-05-12T16:59:45.9338753Z ^[[36;1mif [ -z "${CARGO_INCREMENTAL+set}" ]; then^[[0m
Build GitHub Pages app	UNKNOWN STEP	2026-05-12T16:59:45.9339068Z ^[[36;1m  echo CARGO_INCREMENTAL=0 >> $GITHUB_ENV^[[0m
Build GitHub Pages app	UNKNOWN STEP	2026-05-12T16:59:45.9339337Z ^[[36;1mfi^[[0m
Build GitHub Pages app	UNKNOWN STEP	2026-05-12T16:59:45.9359785Z shell: /usr/bin/bash --noprofile --norc -e -o pipefail {0}
Build GitHub Pages app	UNKNOWN STEP	2026-05-12T16:59:45.9360133Z env:
Build GitHub Pages app	UNKNOWN STEP	2026-05-12T16:59:45.9360334Z   CARGO_HOME: /home/runner/.cargo
Build GitHub Pages app	UNKNOWN STEP	2026-05-12T16:59:45.9360565Z ##[endgroup]
Build GitHub Pages app	UNKNOWN STEP	2026-05-12T16:59:45.9421803Z ##[group]Run : enable colors in Cargo output
Build GitHub Pages app	UNKNOWN STEP	2026-05-12T16:59:45.9422414Z ^[[36;1m: enable colors in Cargo output^[[0m
Build GitHub Pages app	UNKNOWN STEP	2026-05-12T16:59:45.9422758Z ^[[36;1mif [ -z "${CARGO_TERM_COLOR+set}" ]; then^[[0m
Build GitHub Pages app	UNKNOWN STEP	2026-05-12T16:59:45.9423070Z ^[[36;1m  echo CARGO_TERM_COLOR=always >> $GITHUB_ENV^[[0m
Build GitHub Pages app	UNKNOWN STEP	2026-05-12T16:59:45.9423348Z ^[[36;1mfi^[[0m
Build GitHub Pages app	UNKNOWN STEP	2026-05-12T16:59:45.9442200Z shell: /usr/bin/bash --noprofile --norc -e -o pipefail {0}
Build GitHub Pages app	UNKNOWN STEP	2026-05-12T16:59:45.9442706Z env:
Build GitHub Pages app	UNKNOWN STEP	2026-05-12T16:59:45.9442896Z   CARGO_HOME: /home/runner/.cargo
Build GitHub Pages app	UNKNOWN STEP	2026-05-12T16:59:45.9443268Z   CARGO_INCREMENTAL: 0
Build GitHub Pages app	UNKNOWN STEP	2026-05-12T16:59:45.9443472Z ##[endgroup]
Build GitHub Pages app	UNKNOWN STEP	2026-05-12T16:59:45.9504597Z ##[group]Run : enable Cargo sparse registry
Build GitHub Pages app	UNKNOWN STEP	2026-05-12T16:59:45.9504913Z ^[[36;1m: enable Cargo sparse registry^[[0m
Build GitHub Pages app	UNKNOWN STEP	2026-05-12T16:59:45.9505259Z ^[[36;1m# implemented in 1.66, stabilized in 1.68, made default in 1.70^[[0m
Build GitHub Pages app	UNKNOWN STEP	2026-05-12T16:59:45.9505932Z ^[[36;1mif [ -z "${CARGO_REGISTRIES_CRATES_IO_PROTOCOL+set}" -o -f "/home/runner/work/_temp"/.implicit_cargo_registries_crates_io_protocol ]; then^[[0m
Build GitHub Pages app	UNKNOWN STEP	2026-05-12T16:59:45.9506622Z ^[[36;1m  if rustc +stable --version --verbose | grep -q '^release: 1\.6[89]\.'; then^[[0m
Build GitHub Pages app	UNKNOWN STEP	2026-05-12T16:59:45.9507156Z ^[[36;1m    touch "/home/runner/work/_temp"/.implicit_cargo_registries_crates_io_protocol || true^[[0m
Build GitHub Pages app	UNKNOWN STEP	2026-05-12T16:59:45.9507674Z ^[[36;1m    echo CARGO_REGISTRIES_CRATES_IO_PROTOCOL=sparse >> $GITHUB_ENV^[[0m
Build GitHub Pages app	UNKNOWN STEP	2026-05-12T16:59:45.9508155Z ^[[36;1m  elif rustc +stable --version --verbose | grep -q '^release: 1\.6[67]\.'; then^[[0m
Build GitHub Pages app	UNKNOWN STEP	2026-05-12T16:59:45.9508689Z ^[[36;1m    touch "/home/runner/work/_temp"/.implicit_cargo_registries_crates_io_protocol || true^[[0m
Build GitHub Pages app	UNKNOWN STEP	2026-05-12T16:59:45.9509179Z ^[[36;1m    echo CARGO_REGISTRIES_CRATES_IO_PROTOCOL=git >> $GITHUB_ENV^[[0m
Build GitHub Pages app	UNKNOWN STEP	2026-05-12T16:59:45.9509506Z ^[[36;1m  fi^[[0m
Build GitHub Pages app	UNKNOWN STEP	2026-05-12T16:59:45.9509678Z ^[[36;1mfi^[[0m
Build GitHub Pages app	UNKNOWN STEP	2026-05-12T16:59:45.9528704Z shell: /usr/bin/bash --noprofile --norc -e -o pipefail {0}
Build GitHub Pages app	UNKNOWN STEP	2026-05-12T16:59:45.9529020Z env:
Build GitHub Pages app	UNKNOWN STEP	2026-05-12T16:59:45.9529208Z   CARGO_HOME: /home/runner/.cargo
Build GitHub Pages app	UNKNOWN STEP	2026-05-12T16:59:45.9529442Z   CARGO_INCREMENTAL: 0
Build GitHub Pages app	UNKNOWN STEP	2026-05-12T16:59:45.9529650Z   CARGO_TERM_COLOR: always
Build GitHub Pages app	UNKNOWN STEP	2026-05-12T16:59:45.9529857Z ##[endgroup]
Build GitHub Pages app	UNKNOWN STEP	2026-05-12T16:59:45.9836420Z ##[group]Run : work around spurious network errors in curl 8.0
Build GitHub Pages app	UNKNOWN STEP	2026-05-12T16:59:45.9836869Z ^[[36;1m: work around spurious network errors in curl 8.0^[[0m
Build GitHub Pages app	UNKNOWN STEP	2026-05-12T16:59:45.9837564Z ^[[36;1m# https://rust-lang.zulipchat.com/#narrow/stream/246057-t-cargo/topic/timeout.20investigation^[[0m
Build GitHub Pages app	UNKNOWN STEP	2026-05-12T16:59:45.9838189Z ^[[36;1mif rustc +stable --version --verbose | grep -q '^release: 1\.7[01]\.'; then^[[0m
Build GitHub Pages app	UNKNOWN STEP	2026-05-12T16:59:45.9838652Z ^[[36;1m  echo CARGO_HTTP_MULTIPLEXING=false >> $GITHUB_ENV^[[0m
Build GitHub Pages app	UNKNOWN STEP	2026-05-12T16:59:45.9838948Z ^[[36;1mfi^[[0m
Build GitHub Pages app	UNKNOWN STEP	2026-05-12T16:59:45.9859888Z shell: /usr/bin/bash --noprofile --norc -e -o pipefail {0}
Build GitHub Pages app	UNKNOWN STEP	2026-05-12T16:59:45.9860215Z env:
Build GitHub Pages app	UNKNOWN STEP	2026-05-12T16:59:45.9860394Z   CARGO_HOME: /home/runner/.cargo
Build GitHub Pages app	UNKNOWN STEP	2026-05-12T16:59:45.9860739Z   CARGO_INCREMENTAL: 0
Build GitHub Pages app	UNKNOWN STEP	2026-05-12T16:59:45.9860971Z   CARGO_TERM_COLOR: always
Build GitHub Pages app	UNKNOWN STEP	2026-05-12T16:59:45.9861174Z ##[endgroup]
Build GitHub Pages app	UNKNOWN STEP	2026-05-12T16:59:46.0048439Z ##[group]Run rustc +stable --version --verbose
Build GitHub Pages app	UNKNOWN STEP	2026-05-12T16:59:46.0048795Z ^[[36;1mrustc +stable --version --verbose^[[0m
Build GitHub Pages app	UNKNOWN STEP	2026-05-12T16:59:46.0069707Z shell: /usr/bin/bash --noprofile --norc -e -o pipefail {0}
Build GitHub Pages app	UNKNOWN STEP	2026-05-12T16:59:46.0070040Z env:
Build GitHub Pages app	UNKNOWN STEP	2026-05-12T16:59:46.0070223Z   CARGO_HOME: /home/runner/.cargo
Build GitHub Pages app	UNKNOWN STEP	2026-05-12T16:59:46.0070470Z   CARGO_INCREMENTAL: 0
Build GitHub Pages app	UNKNOWN STEP	2026-05-12T16:59:46.0070690Z   CARGO_TERM_COLOR: always
Build GitHub Pages app	UNKNOWN STEP	2026-05-12T16:59:46.0070899Z ##[endgroup]
Build GitHub Pages app	UNKNOWN STEP	2026-05-12T16:59:46.0219613Z rustc 1.95.0 (59807616e 2026-04-14)
Build GitHub Pages app	UNKNOWN STEP	2026-05-12T16:59:46.0220272Z binary: rustc
Build GitHub Pages app	UNKNOWN STEP	2026-05-12T16:59:46.0220740Z commit-hash: 59807616e1fa2540724bfbac14d7976d7e4a3860
Build GitHub Pages app	UNKNOWN STEP	2026-05-12T16:59:46.0221124Z commit-date: 2026-04-14
Build GitHub Pages app	UNKNOWN STEP	2026-05-12T16:59:46.0221599Z host: x86_64-unknown-linux-gnu
Build GitHub Pages app	UNKNOWN STEP	2026-05-12T16:59:46.0222214Z release: 1.95.0
Build GitHub Pages app	UNKNOWN STEP	2026-05-12T16:59:46.0222760Z LLVM version: 22.1.2
Build GitHub Pages app	UNKNOWN STEP	2026-05-12T16:59:46.0295145Z ##[group]Run cargo install wasm-pack --version 0.14.0 --locked
Build GitHub Pages app	UNKNOWN STEP	2026-05-12T16:59:46.0295606Z ^[[36;1mcargo install wasm-pack --version 0.14.0 --locked^[[0m
Build GitHub Pages app	UNKNOWN STEP	2026-05-12T16:59:46.0316216Z shell: /usr/bin/bash -e {0}
Build GitHub Pages app	UNKNOWN STEP	2026-05-12T16:59:46.0316452Z env:
Build GitHub Pages app	UNKNOWN STEP	2026-05-12T16:59:46.0316637Z   CARGO_HOME: /home/runner/.cargo
Build GitHub Pages app	UNKNOWN STEP	2026-05-12T16:59:46.0316877Z   CARGO_INCREMENTAL: 0
Build GitHub Pages app	UNKNOWN STEP	2026-05-12T16:59:46.0317083Z   CARGO_TERM_COLOR: always
Build GitHub Pages app	UNKNOWN STEP	2026-05-12T16:59:46.0317285Z ##[endgroup]
Build GitHub Pages app	UNKNOWN STEP	2026-05-12T16:59:46.0593237Z ^[[1m^[[92m    Updating^[[0m crates.io index
Build GitHub Pages app	UNKNOWN STEP	2026-05-12T16:59:46.1133489Z ^[[1m^[[92m Downloading^[[0m crates ...
Build GitHub Pages app	UNKNOWN STEP	2026-05-12T16:59:46.2255976Z ^[[1m^[[92m  Downloaded^[[0m wasm-pack v0.14.0
Build GitHub Pages app	UNKNOWN STEP	2026-05-12T16:59:46.2763062Z ^[[1m^[[92m  Installing^[[0m wasm-pack v0.14.0
Build GitHub Pages app	UNKNOWN STEP	2026-05-12T16:59:46.2825113Z ^[[1m^[[92m    Updating^[[0m crates.io index
Build GitHub Pages app	UNKNOWN STEP	2026-05-12T16:59:47.1583025Z ^[[1m^[[92m    Updating^[[0m crates.io index
Build GitHub Pages app	UNKNOWN STEP	2026-05-12T16:59:47.3874651Z ^[[1m^[[92m Downloading^[[0m crates ...
Build GitHub Pages app	UNKNOWN STEP	2026-05-12T16:59:47.4466817Z ^[[1m^[[92m  Downloaded^[[0m anstyle v1.0.13
Build GitHub Pages app	UNKNOWN STEP	2026-05-12T16:59:47.4486511Z ^[[1m^[[92m  Downloaded^[[0m autocfg v1.5.0
Build GitHub Pages app	UNKNOWN STEP	2026-05-12T16:59:47.4511455Z ^[[1m^[[92m  Downloaded^[[0m anstream v0.6.21
Build GitHub Pages app	UNKNOWN STEP	2026-05-12T16:59:47.4539655Z ^[[1m^[[92m  Downloaded^[[0m quote v1.0.43
Build GitHub Pages app	UNKNOWN STEP	2026-05-12T16:59:47.4574067Z ^[[1m^[[92m  Downloaded^[[0m hashbrown v0.16.1
Build GitHub Pages app	UNKNOWN STEP	2026-05-12T16:59:47.4629719Z ^[[1m^[[92m  Downloaded^[[0m zeroize_derive v1.4.3
Build GitHub Pages app	UNKNOWN STEP	2026-05-12T16:59:47.4645899Z ^[[1m^[[92m  Downloaded^[[0m rustc-demangle v0.1.27
Build GitHub Pages app	UNKNOWN STEP	2026-05-12T16:59:47.4670873Z ^[[1m^[[92m  Downloaded^[[0m generic-array v0.14.7
Build GitHub Pages app	UNKNOWN STEP	2026-05-12T16:59:47.4704865Z ^[[1m^[[92m  Downloaded^[[0m zerofrom v0.1.6
Build GitHub Pages app	UNKNOWN STEP	2026-05-12T16:59:47.4731152Z ^[[1m^[[92m  Downloaded^[[0m proc-macro2 v1.0.105
Build GitHub Pages app	UNKNOWN STEP	2026-05-12T16:59:47.4781830Z ^[[1m^[[92m  Downloaded^[[0m syn v2.0.114
Build GitHub Pages app	UNKNOWN STEP	2026-05-12T16:59:47.4892674Z ^[[1m^[[92m  Downloaded^[[0m colorchoice v1.0.4
Build GitHub Pages app	UNKNOWN STEP	2026-05-12T16:59:47.4920204Z ^[[1m^[[92m  Downloaded^[[0m num-conv v0.1.0
Build GitHub Pages app	UNKNOWN STEP	2026-05-12T16:59:47.4936876Z ^[[1m^[[92m  Downloaded^[[0m potential_utf v0.1.4
Build GitHub Pages app	UNKNOWN STEP	2026-05-12T16:59:47.4954140Z ^[[1m^[[92m  Downloaded^[[0m percent-encoding v2.3.2
Build GitHub Pages app	UNKNOWN STEP	2026-05-12T16:59:47.4968365Z ^[[1m^[[92m  Downloaded^[[0m uuid v1.19.0
Build GitHub Pages app	UNKNOWN STEP	2026-05-12T16:59:47.5011597Z ^[[1m^[[92m  Downloaded^[[0m webpki-roots v0.26.11
Build GitHub Pages app	UNKNOWN STEP	2026-05-12T16:59:47.5032506Z ^[[1m^[[92m  Downloaded^[[0m scopeguard v1.2.0
Build GitHub Pages app	UNKNOWN STEP	2026-05-12T16:59:47.5053617Z ^[[1m^[[92m  Downloaded^[[0m utf8parse v0.2.2
Build GitHub Pages app	UNKNOWN STEP	2026-05-12T16:59:47.5070128Z ^[[1m^[[92m  Downloaded^[[0m serde_ignored v0.1.14
Build GitHub Pages app	UNKNOWN STEP	2026-05-12T16:59:47.5091073Z ^[[1m^[[92m  Downloaded^[[0m yoke-derive v0.8.1
Build GitHub Pages app	UNKNOWN STEP	2026-05-12T16:59:47.5106454Z ^[[1m^[[92m  Downloaded^[[0m zerofrom-derive v0.1.6
Build GitHub Pages app	UNKNOWN STEP	2026-05-12T16:59:47.5124093Z ^[[1m^[[92m  Downloaded^[[0m same-file v1.0.6
Build GitHub Pages app	UNKNOWN STEP	2026-05-12T16:59:47.5143475Z ^[[1m^[[92m  Downloaded^[[0m walkdir v2.5.0
Build GitHub Pages app	UNKNOWN STEP	2026-05-12T16:59:47.5167952Z ^[[1m^[[92m  Downloaded^[[0m zstd-safe v7.2.4
Build GitHub Pages app	UNKNOWN STEP	2026-05-12T16:59:47.5189983Z ^[[1m^[[92m  Downloaded^[[0m xz2 v0.1.7
Build GitHub Pages app	UNKNOWN STEP	2026-05-12T16:59:47.5212403Z ^[[1m^[[92m  Downloaded^[[0m thiserror-impl v2.0.18
Build GitHub Pages app	UNKNOWN STEP	2026-05-12T16:59:47.5233742Z ^[[1m^[[92m  Downloaded^[[0m zstd v0.13.3
Build GitHub Pages app	UNKNOWN STEP	2026-05-12T16:59:47.5267723Z ^[[1m^[[92m  Downloaded^[[0m zmij v1.0.16
Build GitHub Pages app	UNKNOWN STEP	2026-05-12T16:59:47.5290692Z ^[[1m^[[92m  Downloaded^[[0m zopfli v0.8.3
Build GitHub Pages app	UNKNOWN STEP	2026-05-12T16:59:47.5320923Z ^[[1m^[[92m  Downloaded^[[0m tar v0.4.44
Build GitHub Pages app	UNKNOWN STEP	2026-05-12T16:59:47.5354134Z ^[[1m^[[92m  Downloaded^[[0m typenum v1.19.0
Build GitHub Pages app	UNKNOWN STEP	2026-05-12T16:59:47.5388812Z ^[[1m^[[92m  Downloaded^[[0m serde_core v1.0.228
Build GitHub Pages app	UNKNOWN STEP	2026-05-12T16:59:47.5421410Z ^[[1m^[[92m  Downloaded^[[0m url v2.5.8
Build GitHub Pages app	UNKNOWN STEP	2026-05-12T16:59:47.5453656Z ^[[1m^[[92m  Downloaded^[[0m ureq v2.12.1
Build GitHub Pages app	UNKNOWN STEP	2026-05-12T16:59:47.5508070Z ^[[1m^[[92m  Downloaded^[[0m zip v2.4.2
Build GitHub Pages app	UNKNOWN STEP	2026-05-12T16:59:47.5565292Z ^[[1m^[[92m  Downloaded^[[0m zerovec v0.11.5
Build GitHub Pages app	UNKNOWN STEP	2026-05-12T16:59:47.5634631Z ^[[1m^[[92m  Downloaded^[[0m zeroize v1.8.2
Build GitHub Pages app	UNKNOWN STEP	2026-05-12T16:59:47.5652000Z ^[[1m^[[92m  Downloaded^[[0m subtle v2.6.1
Build GitHub Pages app	UNKNOWN STEP	2026-05-12T16:59:47.5673345Z ^[[1m^[[92m  Downloaded^[[0m serde_json v1.0.149
Build GitHub Pages app	UNKNOWN STEP	2026-05-12T16:59:47.5754255Z ^[[1m^[[92m  Downloaded^[[0m zerovec-derive v0.11.2
Build GitHub Pages app	UNKNOWN STEP	2026-05-12T16:59:47.5773553Z ^[[1m^[[92m  Downloaded^[[0m toml v0.9.11+spec-1.1.0
Build GitHub Pages app	UNKNOWN STEP	2026-05-12T16:59:47.5824496Z ^[[1m^[[92m  Downloaded^[[0m sysinfo v0.37.2
Build GitHub Pages app	UNKNOWN STEP	2026-05-12T16:59:47.5936446Z ^[[1m^[[92m  Downloaded^[[0m toml_parser v1.0.6+spec-1.1.0
Build GitHub Pages app	UNKNOWN STEP	2026-05-12T16:59:47.5963020Z ^[[1m^[[92m  Downloaded^[[0m webpki-roots v1.0.5
Build GitHub Pages app	UNKNOWN STEP	2026-05-12T16:59:47.6002105Z ^[[1m^[[92m  Downloaded^[[0m time v0.3.45
Build GitHub Pages app	UNKNOWN STEP	2026-05-12T16:59:47.6130410Z ^[[1m^[[92m  Downloaded^[[0m unicode-width v0.2.2
Build GitHub Pages app	UNKNOWN STEP	2026-05-12T16:59:47.6187834Z ^[[1m^[[92m  Downloaded^[[0m sha1 v0.10.6
Build GitHub Pages app	UNKNOWN STEP	2026-05-12T16:59:47.6207326Z ^[[1m^[[92m  Downloaded^[[0m zerotrie v0.2.3
Build GitHub Pages app	UNKNOWN STEP	2026-05-12T16:59:47.6243366Z ^[[1m^[[92m  Downloaded^[[0m rustls v0.23.36
Build GitHub Pages app	UNKNOWN STEP	2026-05-12T16:59:47.6361450Z ^[[1m^[[92m  Downloaded^[[0m rustix v0.38.44
Build GitHub Pages app	UNKNOWN STEP	2026-05-12T16:59:47.6618801Z ^[[1m^[[92m  Downloaded^[[0m rustix v1.1.3
Build GitHub Pages app	UNKNOWN STEP	2026-05-12T16:59:47.6885083Z ^[[1m^[[92m  Downloaded^[[0m winnow v0.7.14
Build GitHub Pages app	UNKNOWN STEP	2026-05-12T16:59:47.6980182Z ^[[1m^[[92m  Downloaded^[[0m serde v1.0.228
Build GitHub Pages app	UNKNOWN STEP	2026-05-12T16:59:47.7015503Z ^[[1m^[[92m  Downloaded^[[0m simd-adler32 v0.3.8
Build GitHub Pages app	UNKNOWN STEP	2026-05-12T16:59:47.7036318Z ^[[1m^[[92m  Downloaded^[[0m siphasher v0.3.11
Build GitHub Pages app	UNKNOWN STEP	2026-05-12T16:59:47.7050270Z ^[[1m^[[92m  Downloaded^[[0m object v0.37.3
Build GitHub Pages app	UNKNOWN STEP	2026-05-12T16:59:47.7158040Z ^[[1m^[[92m  Downloaded^[[0m shlex v1.3.0
Build GitHub Pages app	UNKNOWN STEP	2026-05-12T16:59:47.7171796Z ^[[1m^[[92m  Downloaded^[[0m rustls-webpki v0.103.9
Build GitHub Pages app	UNKNOWN STEP	2026-05-12T16:59:47.7208752Z ^[[1m^[[92m  Downloaded^[[0m lzma-sys v0.1.20
Build GitHub Pages app	UNKNOWN STEP	2026-05-12T16:59:47.7527641Z ^[[1m^[[92m  Downloaded^[[0m libc v0.2.180
Build GitHub Pages app	UNKNOWN STEP	2026-05-12T16:59:47.7905387Z ^[[1m^[[92m  Downloaded^[[0m gimli v0.32.3
Build GitHub Pages app	UNKNOWN STEP	2026-05-12T16:59:47.7973142Z ^[[1m^[[92m  Downloaded^[[0m chrono v0.4.43
Build GitHub Pages app	UNKNOWN STEP	2026-05-12T16:59:47.8037980Z ^[[1m^[[92m  Downloaded^[[0m unicode-ident v1.0.22
Build GitHub Pages app	UNKNOWN STEP	2026-05-12T16:59:47.8067646Z ^[[1m^[[92m  Downloaded^[[0m serde_derive v1.0.228
Build GitHub Pages app	UNKNOWN STEP	2026-05-12T16:59:47.8101770Z ^[[1m^[[92m  Downloaded^[[0m clap_builder v4.5.54
Build GitHub Pages app	UNKNOWN STEP	2026-05-12T16:59:47.8164473Z ^[[1m^[[92m  Downloaded^[[0m rustls-pki-types v1.14.0
Build GitHub Pages app	UNKNOWN STEP	2026-05-12T16:59:47.8190264Z ^[[1m^[[92m  Downloaded^[[0m tempfile v3.24.0
Build GitHub Pages app	UNKNOWN STEP	2026-05-12T16:59:47.8216455Z ^[[1m^[[92m  Downloaded^[[0m smallvec v1.15.1
Build GitHub Pages app	UNKNOWN STEP	2026-05-12T16:59:47.8238238Z ^[[1m^[[92m  Downloaded^[[0m semver v1.0.27
Build GitHub Pages app	UNKNOWN STEP	2026-05-12T16:59:47.8262140Z ^[[1m^[[92m  Downloaded^[[0m writeable v0.6.2
Build GitHub Pages app	UNKNOWN STEP	2026-05-12T16:59:47.8281404Z ^[[1m^[[92m  Downloaded^[[0m which v8.0.0
Build GitHub Pages app	UNKNOWN STEP	2026-05-12T16:59:47.8300285Z ^[[1m^[[92m  Downloaded^[[0m toml_datetime v0.7.5+spec-1.1.0
Build GitHub Pages app	UNKNOWN STEP	2026-05-12T16:59:47.8314751Z ^[[1m^[[92m  Downloaded^[[0m indexmap v2.13.0
Build GitHub Pages app	UNKNOWN STEP	2026-05-12T16:59:47.8357696Z ^[[1m^[[92m  Downloaded^[[0m icu_properties_data v2.1.2
Build GitHub Pages app	UNKNOWN STEP	2026-05-12T16:59:47.8458507Z ^[[1m^[[92m  Downloaded^[[0m yoke v0.8.1
Build GitHub Pages app	UNKNOWN STEP	2026-05-12T16:59:47.8478306Z ^[[1m^[[92m  Downloaded^[[0m toml_writer v1.0.6+spec-1.1.0
Build GitHub Pages app	UNKNOWN STEP	2026-05-12T16:59:47.8492822Z ^[[1m^[[92m  Downloaded^[[0m tinystr v0.8.2
Build GitHub Pages app	UNKNOWN STEP	2026-05-12T16:59:47.8513769Z ^[[1m^[[92m  Downloaded^[[0m thiserror v2.0.18
Build GitHub Pages app	UNKNOWN STEP	2026-05-12T16:59:47.8577726Z ^[[1m^[[92m  Downloaded^[[0m serde_spanned v1.0.4
Build GitHub Pages app	UNKNOWN STEP	2026-05-12T16:59:47.8590038Z ^[[1m^[[92m  Downloaded^[[0m synstructure v0.13.2
Build GitHub Pages app	UNKNOWN STEP	2026-05-12T16:59:47.8601591Z ^[[1m^[[92m  Downloaded^[[0m litemap v0.8.1
Build GitHub Pages app	UNKNOWN STEP	2026-05-12T16:59:47.8625339Z ^[[1m^[[92m  Downloaded^[[0m idna v1.1.0
Build GitHub Pages app	UNKNOWN STEP	2026-05-12T16:59:47.8660471Z ^[[1m^[[92m  Downloaded^[[0m ring v0.17.14
Build GitHub Pages app	UNKNOWN STEP	2026-05-12T16:59:47.9067625Z ^[[1m^[[92m  Downloaded^[[0m icu_collections v2.1.1
Build GitHub Pages app	UNKNOWN STEP	2026-05-12T16:59:47.9128667Z ^[[1m^[[92m  Downloaded^[[0m digest v0.10.7
Build GitHub Pages app	UNKNOWN STEP	2026-05-12T16:59:47.9147126Z ^[[1m^[[92m  Downloaded^[[0m num-traits v0.2.19
Build GitHub Pages app	UNKNOWN STEP	2026-05-12T16:59:47.9172698Z ^[[1m^[[92m  Downloaded^[[0m memchr v2.7.6
Build GitHub Pages app	UNKNOWN STEP	2026-05-12T16:59:47.9226311Z ^[[1m^[[92m  Downloaded^[[0m getrandom v0.3.4
Build GitHub Pages app	UNKNOWN STEP	2026-05-12T16:59:47.9260198Z ^[[1m^[[92m  Downloaded^[[0m getrandom v0.2.17
Build GitHub Pages app	UNKNOWN STEP	2026-05-12T16:59:47.9288969Z ^[[1m^[[92m  Downloaded^[[0m flate2 v1.1.8
Build GitHub Pages app	UNKNOWN STEP	2026-05-12T16:59:47.9337191Z ^[[1m^[[92m  Downloaded^[[0m console v0.16.2
Build GitHub Pages app	UNKNOWN STEP	2026-05-12T16:59:47.9354630Z ^[[1m^[[92m  Downloaded^[[0m version_check v0.9.5
Build GitHub Pages app	UNKNOWN STEP	2026-05-12T16:59:47.9367818Z ^[[1m^[[92m  Downloaded^[[0m untrusted v0.9.0
Build GitHub Pages app	UNKNOWN STEP	2026-05-12T16:59:47.9384749Z ^[[1m^[[92m  Downloaded^[[0m time-core v0.1.7
Build GitHub Pages app	UNKNOWN STEP	2026-05-12T16:59:47.9395465Z ^[[1m^[[92m  Downloaded^[[0m miniz_oxide v0.8.9
Build GitHub Pages app	UNKNOWN STEP	2026-05-12T16:59:47.9420127Z ^[[1m^[[92m  Downloaded^[[0m iana-time-zone v0.1.64
Build GitHub Pages app	UNKNOWN STEP	2026-05-12T16:59:47.9446357Z ^[[1m^[[92m  Downloaded^[[0m zstd-sys v2.0.16+zstd.1.5.7
Build GitHub Pages app	UNKNOWN STEP	2026-05-12T16:59:47.9604922Z ^[[1m^[[92m  Downloaded^[[0m clap_derive v4.5.49
Build GitHub Pages app	UNKNOWN STEP	2026-05-12T16:59:47.9626324Z ^[[1m^[[92m  Downloaded^[[0m xattr v1.6.1
Build GitHub Pages app	UNKNOWN STEP	2026-05-12T16:59:47.9645296Z ^[[1m^[[92m  Downloaded^[[0m utf8_iter v1.0.4
Build GitHub Pages app	UNKNOWN STEP	2026-05-12T16:59:47.9655654Z ^[[1m^[[92m  Downloaded^[[0m parking_lot v0.12.5
Build GitHub Pages app	UNKNOWN STEP	2026-05-12T16:59:47.9680029Z ^[[1m^[[92m  Downloaded^[[0m once_cell v1.21.3
Build GitHub Pages app	UNKNOWN STEP	2026-05-12T16:59:47.9705031Z ^[[1m^[[92m  Downloaded^[[0m log v0.4.29
Build GitHub Pages app	UNKNOWN STEP	2026-05-12T16:59:47.9729466Z ^[[1m^[[92m  Downloaded^[[0m icu_normalizer v2.1.1
Build GitHub Pages app	UNKNOWN STEP	2026-05-12T16:59:47.9764203Z ^[[1m^[[92m  Downloaded^[[0m hmac v0.12.1
Build GitHub Pages app	UNKNOWN STEP	2026-05-12T16:59:47.9783753Z ^[[1m^[[92m  Downloaded^[[0m cargo_metadata v0.23.1
Build GitHub Pages app	UNKNOWN STEP	2026-05-12T16:59:47.9801869Z ^[[1m^[[92m  Downloaded^[[0m bitflags v2.10.0
Build GitHub Pages app	UNKNOWN STEP	2026-05-12T16:59:47.9843051Z ^[[1m^[[92m  Downloaded^[[0m parking_lot_core v0.9.12
Build GitHub Pages app	UNKNOWN STEP	2026-05-12T16:59:47.9864495Z ^[[1m^[[92m  Downloaded^[[0m displaydoc v0.2.5
Build GitHub Pages app	UNKNOWN STEP	2026-05-12T16:59:47.9894284Z ^[[1m^[[92m  Downloaded^[[0m cpufeatures v0.2.17
Build GitHub Pages app	UNKNOWN STEP	2026-05-12T16:59:47.9908307Z ^[[1m^[[92m  Downloaded^[[0m binary-install v0.4.1
Build GitHub Pages app	UNKNOWN STEP	2026-05-12T16:59:47.9927790Z ^[[1m^[[92m  Downloaded^[[0m strsim v0.11.1
Build GitHub Pages app	UNKNOWN STEP	2026-05-12T16:59:47.9941190Z ^[[1m^[[92m  Downloaded^[[0m socks v0.3.4
Build GitHub Pages app	UNKNOWN STEP	2026-05-12T16:59:47.9955178Z ^[[1m^[[92m  Downloaded^[[0m siphasher v1.0.1
Build GitHub Pages app	UNKNOWN STEP	2026-05-12T16:59:47.9966886Z ^[[1m^[[92m  Downloaded^[[0m shell-words v1.1.1
Build GitHub Pages app	UNKNOWN STEP	2026-05-12T16:59:47.9976341Z ^[[1m^[[92m  Downloaded^[[0m jobserver v0.1.34
Build GitHub Pages app	UNKNOWN STEP	2026-05-12T16:59:47.9996760Z ^[[1m^[[92m  Downloaded^[[0m crypto-common v0.1.7
Build GitHub Pages app	UNKNOWN STEP	2026-05-12T16:59:48.0006097Z ^[[1m^[[92m  Downloaded^[[0m crc v3.4.0
Build GitHub Pages app	UNKNOWN STEP	2026-05-12T16:59:48.0023466Z ^[[1m^[[92m  Downloaded^[[0m cipher v0.4.4
Build GitHub Pages app	UNKNOWN STEP	2026-05-12T16:59:48.0039568Z ^[[1m^[[92m  Downloaded^[[0m backtrace v0.3.76
Build GitHub Pages app	UNKNOWN STEP	2026-05-12T16:59:48.0089376Z ^[[1m^[[92m  Downloaded^[[0m is_terminal_polyfill v1.70.2
Build GitHub Pages app	UNKNOWN STEP	2026-05-12T16:59:48.0099657Z ^[[1m^[[92m  Downloaded^[[0m is_executable v0.1.2
Build GitHub Pages app	UNKNOWN STEP	2026-05-12T16:59:48.0112113Z ^[[1m^[[92m  Downloaded^[[0m form_urlencoded v1.2.2
Build GitHub Pages app	UNKNOWN STEP	2026-05-12T16:59:48.0120931Z ^[[1m^[[92m  Downloaded^[[0m find-msvc-tools v0.1.8
Build GitHub Pages app	UNKNOWN STEP	2026-05-12T16:59:48.0137567Z ^[[1m^[[92m  Downloaded^[[0m errno v0.3.14
Build GitHub Pages app	UNKNOWN STEP	2026-05-12T16:59:48.0152865Z ^[[1m^[[92m  Downloaded^[[0m dialoguer v0.12.0
Build GitHub Pages app	UNKNOWN STEP	2026-05-12T16:59:48.0187651Z ^[[1m^[[92m  Downloaded^[[0m path-clean v1.0.1
Build GitHub Pages app	UNKNOWN STEP	2026-05-12T16:59:48.0199520Z ^[[1m^[[92m  Downloaded^[[0m itoa v1.0.17
Build GitHub Pages app	UNKNOWN STEP	2026-05-12T16:59:48.0223478Z ^[[1m^[[92m  Downloaded^[[0m hex v0.4.3
Build GitHub Pages app	UNKNOWN STEP	2026-05-12T16:59:48.0239899Z ^[[1m^[[92m  Downloaded^[[0m fs4 v0.6.6
Build GitHub Pages app	UNKNOWN STEP	2026-05-12T16:59:48.0264325Z ^[[1m^[[92m  Downloaded^[[0m equivalent v1.0.2
Build GitHub Pages app	UNKNOWN STEP	2026-05-12T16:59:48.0275169Z ^[[1m^[[92m  Downloaded^[[0m lock_api v0.4.14
Build GitHub Pages app	UNKNOWN STEP	2026-05-12T16:59:48.0288122Z ^[[1m^[[92m  Downloaded^[[0m idna_adapter v1.2.1
Build GitHub Pages app	UNKNOWN STEP	2026-05-12T16:59:48.0298201Z ^[[1m^[[92m  Downloaded^[[0m icu_properties v2.1.2
Build GitHub Pages app	UNKNOWN STEP	2026-05-12T16:59:48.0319614Z ^[[1m^[[92m  Downloaded^[[0m icu_normalizer_data v2.1.1
Build GitHub Pages app	UNKNOWN STEP	2026-05-12T16:59:48.0340681Z ^[[1m^[[92m  Downloaded^[[0m icu_locale_core v2.1.1
Build GitHub Pages app	UNKNOWN STEP	2026-05-12T16:59:48.0406976Z ^[[1m^[[92m  Downloaded^[[0m inout v0.1.4
Build GitHub Pages app	UNKNOWN STEP	2026-05-12T16:59:48.0418597Z ^[[1m^[[92m  Downloaded^[[0m heck v0.5.0
Build GitHub Pages app	UNKNOWN STEP	2026-05-12T16:59:48.0431427Z ^[[1m^[[92m  Downloaded^[[0m linux-raw-sys v0.4.15
Build GitHub Pages app	UNKNOWN STEP	2026-05-12T16:59:48.0879149Z ^[[1m^[[92m  Downloaded^[[0m human-panic v2.0.6
Build GitHub Pages app	UNKNOWN STEP	2026-05-12T16:59:48.0891332Z ^[[1m^[[92m  Downloaded^[[0m env_home v0.1.0
Build GitHub Pages app	UNKNOWN STEP	2026-05-12T16:59:48.0902417Z ^[[1m^[[92m  Downloaded^[[0m dirs-next v2.0.0
Build GitHub Pages app	UNKNOWN STEP	2026-05-12T16:59:48.0914208Z ^[[1m^[[92m  Downloaded^[[0m crc-catalog v2.4.0
Build GitHub Pages app	UNKNOWN STEP	2026-05-12T16:59:48.0926385Z ^[[1m^[[92m  Downloaded^[[0m constant_time_eq v0.3.1
Build GitHub Pages app	UNKNOWN STEP	2026-05-12T16:59:48.0939982Z ^[[1m^[[92m  Downloaded^[[0m camino v1.2.2
Build GitHub Pages app	UNKNOWN STEP	2026-05-12T16:59:48.0959415Z ^[[1m^[[92m  Downloaded^[[0m icu_provider v2.1.1
Build GitHub Pages app	UNKNOWN STEP	2026-05-12T16:59:48.0984571Z ^[[1m^[[92m  Downloaded^[[0m fastrand v2.3.0
Build GitHub Pages app	UNKNOWN STEP	2026-05-12T16:59:48.0997365Z ^[[1m^[[92m  Downloaded^[[0m dirs-sys-next v0.1.2
Build GitHub Pages app	UNKNOWN STEP	2026-05-12T16:59:48.1007266Z ^[[1m^[[92m  Downloaded^[[0m deranged v0.5.5
Build GitHub Pages app	UNKNOWN STEP	2026-05-12T16:59:48.1020586Z ^[[1m^[[92m  Downloaded^[[0m clap v4.5.54
Build GitHub Pages app	UNKNOWN STEP	2026-05-12T16:59:48.1114351Z ^[[1m^[[92m  Downloaded^[[0m powerfmt v0.2.0
Build GitHub Pages app	UNKNOWN STEP	2026-05-12T16:59:48.1125629Z ^[[1m^[[92m  Downloaded^[[0m pbkdf2 v0.12.2
Build GitHub Pages app	UNKNOWN STEP	2026-05-12T16:59:48.1138709Z ^[[1m^[[92m  Downloaded^[[0m glob v0.3.3
Build GitHub Pages app	UNKNOWN STEP	2026-05-12T16:59:48.1153540Z ^[[1m^[[92m  Downloaded^[[0m crc32fast v1.5.0
Build GitHub Pages app	UNKNOWN STEP	2026-05-12T16:59:48.1172102Z ^[[1m^[[92m  Downloaded^[[0m clap_lex v0.7.7
Build GitHub Pages app	UNKNOWN STEP	2026-05-12T16:59:48.1183444Z ^[[1m^[[92m  Downloaded^[[0m cargo-platform v0.3.2
Build GitHub Pages app	UNKNOWN STEP	2026-05-12T16:59:48.1195859Z ^[[1m^[[92m  Downloaded^[[0m bumpalo v3.19.1
Build GitHub Pages app	UNKNOWN STEP	2026-05-12T16:59:48.1220968Z ^[[1m^[[92m  Downloaded^[[0m base64 v0.22.1
Build GitHub Pages app	UNKNOWN STEP	2026-05-12T16:59:48.1258221Z ^[[1m^[[92m  Downloaded^[[0m env_filter v0.1.4
Build GitHub Pages app	UNKNOWN STEP	2026-05-12T16:59:48.1272275Z ^[[1m^[[92m  Downloaded^[[0m cfg-if v1.0.4
Build GitHub Pages app	UNKNOWN STEP	2026-05-12T16:59:48.1285456Z ^[[1m^[[92m  Downloaded^[[0m cc v1.2.53
Build GitHub Pages app	UNKNOWN STEP	2026-05-12T16:59:48.1313934Z ^[[1m^[[92m  Downloaded^[[0m linux-raw-sys v0.11.0
Build GitHub Pages app	UNKNOWN STEP	2026-05-12T16:59:48.1830798Z ^[[1m^[[92m  Downloaded^[[0m bzip2 v0.5.2
Build GitHub Pages app	UNKNOWN STEP	2026-05-12T16:59:48.1848579Z ^[[1m^[[92m  Downloaded^[[0m block-buffer v0.10.4
Build GitHub Pages app	UNKNOWN STEP	2026-05-12T16:59:48.1858813Z ^[[1m^[[92m  Downloaded^[[0m stable_deref_trait v1.2.1
Build GitHub Pages app	UNKNOWN STEP	2026-05-12T16:59:48.1867570Z ^[[1m^[[92m  Downloaded^[[0m filetime v0.2.27
Build GitHub Pages app	UNKNOWN STEP	2026-05-12T16:59:48.1883761Z ^[[1m^[[92m  Downloaded^[[0m env_logger v0.11.8
Build GitHub Pages app	UNKNOWN STEP	2026-05-12T16:59:48.1907695Z ^[[1m^[[92m  Downloaded^[[0m bzip2-sys v0.1.13+1.0.8
Build GitHub Pages app	UNKNOWN STEP	2026-05-12T16:59:48.2011091Z ^[[1m^[[92m  Downloaded^[[0m pkg-config v0.3.32
Build GitHub Pages app	UNKNOWN STEP	2026-05-12T16:59:48.2026826Z ^[[1m^[[92m  Downloaded^[[0m byteorder v1.5.0
Build GitHub Pages app	UNKNOWN STEP	2026-05-12T16:59:48.2042231Z ^[[1m^[[92m  Downloaded^[[0m adler2 v2.0.1
Build GitHub Pages app	UNKNOWN STEP	2026-05-12T16:59:48.2054585Z ^[[1m^[[92m  Downloaded^[[0m anstyle-query v1.1.5
Build GitHub Pages app	UNKNOWN STEP	2026-05-12T16:59:48.2065933Z ^[[1m^[[92m  Downloaded^[[0m aes v0.8.4
Build GitHub Pages app	UNKNOWN STEP	2026-05-12T16:59:48.2099362Z ^[[1m^[[92m  Downloaded^[[0m lzma-rs v0.3.0
Build GitHub Pages app	UNKNOWN STEP	2026-05-12T16:59:48.2124917Z ^[[1m^[[92m  Downloaded^[[0m deflate64 v0.1.10
Build GitHub Pages app	UNKNOWN STEP	2026-05-12T16:59:48.2138142Z ^[[1m^[[92m  Downloaded^[[0m anstyle-parse v0.2.7
Build GitHub Pages app	UNKNOWN STEP	2026-05-12T16:59:48.2154060Z ^[[1m^[[92m  Downloaded^[[0m anyhow v1.0.100
Build GitHub Pages app	UNKNOWN STEP	2026-05-12T16:59:48.2194111Z ^[[1m^[[92m  Downloaded^[[0m addr2line v0.25.1
Build GitHub Pages app	UNKNOWN STEP	2026-05-12T16:59:48.2736341Z ^[[1m^[[92m   Compiling^[[0m libc v0.2.180
Build GitHub Pages app	UNKNOWN STEP	2026-05-12T16:59:48.2737194Z ^[[1m^[[92m   Compiling^[[0m proc-macro2 v1.0.105
Build GitHub Pages app	UNKNOWN STEP	2026-05-12T16:59:48.2737764Z ^[[1m^[[92m   Compiling^[[0m quote v1.0.43
Build GitHub Pages app	UNKNOWN STEP	2026-05-12T16:59:48.2761147Z ^[[1m^[[92m   Compiling^[[0m unicode-ident v1.0.22
Build GitHub Pages app	UNKNOWN STEP	2026-05-12T16:59:48.3323890Z ^[[1m^[[92m   Compiling^[[0m shlex v1.3.0
Build GitHub Pages app	UNKNOWN STEP	2026-05-12T16:59:48.4293446Z ^[[1m^[[92m   Compiling^[[0m find-msvc-tools v0.1.8
Build GitHub Pages app	UNKNOWN STEP	2026-05-12T16:59:48.4393107Z ^[[1m^[[92m   Compiling^[[0m cfg-if v1.0.4
Build GitHub Pages app	UNKNOWN STEP	2026-05-12T16:59:48.5803746Z ^[[1m^[[92m   Compiling^[[0m pkg-config v0.3.32
Build GitHub Pages app	UNKNOWN STEP	2026-05-12T16:59:49.0640004Z ^[[1m^[[92m   Compiling^[[0m stable_deref_trait v1.2.1
Build GitHub Pages app	UNKNOWN STEP	2026-05-12T16:59:49.0933390Z ^[[1m^[[92m   Compiling^[[0m serde_core v1.0.228
Build GitHub Pages app	UNKNOWN STEP	2026-05-12T16:59:49.2360961Z ^[[1m^[[92m   Compiling^[[0m syn v2.0.114
Build GitHub Pages app	UNKNOWN STEP	2026-05-12T16:59:49.2534102Z ^[[1m^[[92m   Compiling^[[0m version_check v0.9.5
Build GitHub Pages app	UNKNOWN STEP	2026-05-12T16:59:49.3653626Z ^[[1m^[[92m   Compiling^[[0m jobserver v0.1.34
Build GitHub Pages app	UNKNOWN STEP	2026-05-12T16:59:49.3853370Z ^[[1m^[[92m   Compiling^[[0m typenum v1.19.0
Build GitHub Pages app	UNKNOWN STEP	2026-05-12T16:59:49.4803340Z ^[[1m^[[92m   Compiling^[[0m generic-array v0.14.7
Build GitHub Pages app	UNKNOWN STEP	2026-05-12T16:59:49.5459314Z ^[[1m^[[92m   Compiling^[[0m cc v1.2.53
Build GitHub Pages app	UNKNOWN STEP	2026-05-12T16:59:50.8622923Z ^[[1m^[[92m   Compiling^[[0m litemap v0.8.1
Build GitHub Pages app	UNKNOWN STEP	2026-05-12T16:59:51.0050620Z ^[[1m^[[92m   Compiling^[[0m memchr v2.7.6
Build GitHub Pages app	UNKNOWN STEP	2026-05-12T16:59:51.0383450Z ^[[1m^[[92m   Compiling^[[0m writeable v0.6.2
Build GitHub Pages app	UNKNOWN STEP	2026-05-12T16:59:51.1973461Z ^[[1m^[[92m   Compiling^[[0m bitflags v2.10.0
Build GitHub Pages app	UNKNOWN STEP	2026-05-12T16:59:51.5228231Z ^[[1m^[[92m   Compiling^[[0m crypto-common v0.1.7
Build GitHub Pages app	UNKNOWN STEP	2026-05-12T16:59:51.5893650Z ^[[1m^[[92m   Compiling^[[0m getrandom v0.3.4
Build GitHub Pages app	UNKNOWN STEP	2026-05-12T16:59:51.7483386Z ^[[1m^[[92m   Compiling^[[0m rustix v1.1.3
Build GitHub Pages app	UNKNOWN STEP	2026-05-12T16:59:51.9364185Z ^[[1m^[[92m   Compiling^[[0m icu_properties_data v2.1.2
Build GitHub Pages app	UNKNOWN STEP	2026-05-12T16:59:52.0123391Z ^[[1m^[[92m   Compiling^[[0m smallvec v1.15.1
Build GitHub Pages app	UNKNOWN STEP	2026-05-12T16:59:52.0553567Z ^[[1m^[[92m   Compiling^[[0m simd-adler32 v0.3.8
Build GitHub Pages app	UNKNOWN STEP	2026-05-12T16:59:52.1933534Z ^[[1m^[[92m   Compiling^[[0m subtle v2.6.1
Build GitHub Pages app	UNKNOWN STEP	2026-05-12T16:59:52.2788731Z ^[[1m^[[92m   Compiling^[[0m icu_normalizer_data v2.1.1
Build GitHub Pages app	UNKNOWN STEP	2026-05-12T16:59:52.3584342Z ^[[1m^[[92m   Compiling^[[0m ring v0.17.14
Build GitHub Pages app	UNKNOWN STEP	2026-05-12T16:59:52.3623279Z ^[[1m^[[92m   Compiling^[[0m zstd-sys v2.0.16+zstd.1.5.7
Build GitHub Pages app	UNKNOWN STEP	2026-05-12T16:59:52.5483846Z ^[[1m^[[92m   Compiling^[[0m synstructure v0.13.2
Build GitHub Pages app	UNKNOWN STEP	2026-05-12T16:59:52.5753839Z ^[[1m^[[92m   Compiling^[[0m log v0.4.29
Build GitHub Pages app	UNKNOWN STEP	2026-05-12T16:59:52.6886061Z ^[[1m^[[92m   Compiling^[[0m crc32fast v1.5.0
Build GitHub Pages app	UNKNOWN STEP	2026-05-12T16:59:52.7516173Z ^[[1m^[[92m   Compiling^[[0m linux-raw-sys v0.11.0
Build GitHub Pages app	UNKNOWN STEP	2026-05-12T16:59:52.8025846Z ^[[1m^[[92m   Compiling^[[0m adler2 v2.0.1
Build GitHub Pages app	UNKNOWN STEP	2026-05-12T16:59:52.8913895Z ^[[1m^[[92m   Compiling^[[0m miniz_oxide v0.8.9
Build GitHub Pages app	UNKNOWN STEP	2026-05-12T16:59:54.1573477Z ^[[1m^[[92m   Compiling^[[0m zerofrom-derive v0.1.6
Build GitHub Pages app	UNKNOWN STEP	2026-05-12T16:59:54.5420582Z ^[[1m^[[92m   Compiling^[[0m yoke-derive v0.8.1
Build GitHub Pages app	UNKNOWN STEP	2026-05-12T16:59:55.2183625Z ^[[1m^[[92m   Compiling^[[0m zerofrom v0.1.6
Build GitHub Pages app	UNKNOWN STEP	2026-05-12T16:59:55.2813382Z ^[[1m^[[92m   Compiling^[[0m zerovec-derive v0.11.2
Build GitHub Pages app	UNKNOWN STEP	2026-05-12T16:59:55.3753404Z ^[[1m^[[92m   Compiling^[[0m yoke v0.8.1
Build GitHub Pages app	UNKNOWN STEP	2026-05-12T16:59:55.5064058Z ^[[1m^[[92m   Compiling^[[0m displaydoc v0.2.5
Build GitHub Pages app	UNKNOWN STEP	2026-05-12T16:59:55.8734033Z ^[[1m^[[92m   Compiling^[[0m zeroize_derive v1.4.3
Build GitHub Pages app	UNKNOWN STEP	2026-05-12T16:59:55.9823774Z ^[[1m^[[92m   Compiling^[[0m zerotrie v0.2.3
Build GitHub Pages app	UNKNOWN STEP	2026-05-12T16:59:56.2007825Z ^[[1m^[[92m   Compiling^[[0m zerovec v0.11.5
Build GitHub Pages app	UNKNOWN STEP	2026-05-12T16:59:56.2774276Z ^[[1m^[[92m   Compiling^[[0m zeroize v1.8.2
Build GitHub Pages app	UNKNOWN STEP	2026-05-12T16:59:56.3668661Z ^[[1m^[[92m   Compiling^[[0m rustls-pki-types v1.14.0
Build GitHub Pages app	UNKNOWN STEP	2026-05-12T16:59:56.7663867Z ^[[1m^[[92m   Compiling^[[0m tinystr v0.8.2
Build GitHub Pages app	UNKNOWN STEP	2026-05-12T16:59:56.8902630Z ^[[1m^[[92m   Compiling^[[0m icu_locale_core v2.1.1
Build GitHub Pages app	UNKNOWN STEP	2026-05-12T16:59:57.2203526Z ^[[1m^[[92m   Compiling^[[0m potential_utf v0.1.4
Build GitHub Pages app	UNKNOWN STEP	2026-05-12T16:59:57.3063242Z ^[[1m^[[92m   Compiling^[[0m icu_collections v2.1.1
Build GitHub Pages app	UNKNOWN STEP	2026-05-12T16:59:57.9435938Z ^[[1m^[[92m   Compiling^[[0m icu_provider v2.1.1
Build GitHub Pages app	UNKNOWN STEP	2026-05-12T16:59:58.4709629Z ^[[1m^[[92m   Compiling^[[0m block-buffer v0.10.4
Build GitHub Pages app	UNKNOWN STEP	2026-05-12T16:59:58.5241329Z ^[[1m^[[92m   Compiling^[[0m once_cell v1.21.3
Build GitHub Pages app	UNKNOWN STEP	2026-05-12T16:59:58.6573387Z ^[[1m^[[92m   Compiling^[[0m serde v1.0.228
Build GitHub Pages app	UNKNOWN STEP	2026-05-12T16:59:58.7684495Z ^[[1m^[[92m   Compiling^[[0m zmij v1.0.16
Build GitHub Pages app	UNKNOWN STEP	2026-05-12T16:59:58.8803428Z ^[[1m^[[92m   Compiling^[[0m digest v0.10.7
Build GitHub Pages app	UNKNOWN STEP	2026-05-12T16:59:59.0503611Z ^[[1m^[[92m   Compiling^[[0m icu_properties v2.1.2
Build GitHub Pages app	UNKNOWN STEP	2026-05-12T16:59:59.2783566Z ^[[1m^[[92m   Compiling^[[0m icu_normalizer v2.1.1
Build GitHub Pages app	UNKNOWN STEP	2026-05-12T17:00:00.4093042Z ^[[1m^[[92m   Compiling^[[0m serde_derive v1.0.228
Build GitHub Pages app	UNKNOWN STEP	2026-05-12T17:00:00.6964129Z ^[[1m^[[92m   Compiling^[[0m lzma-sys v0.1.20
Build GitHub Pages app	UNKNOWN STEP	2026-05-12T17:00:00.8744800Z ^[[1m^[[92m   Compiling^[[0m bzip2-sys v0.1.13+1.0.8
Build GitHub Pages app	UNKNOWN STEP	2026-05-12T17:00:00.9933445Z ^[[1m^[[92m   Compiling^[[0m getrandom v0.2.17
Build GitHub Pages app	UNKNOWN STEP	2026-05-12T17:00:01.1467318Z ^[[1m^[[92m   Compiling^[[0m thiserror v2.0.18
Build GitHub Pages app	UNKNOWN STEP	2026-05-12T17:00:01.3124251Z ^[[1m^[[92m   Compiling^[[0m utf8parse v0.2.2
Build GitHub Pages app	UNKNOWN STEP	2026-05-12T17:00:01.3533338Z ^[[1m^[[92m   Compiling^[[0m zstd-safe v7.2.4
Build GitHub Pages app	UNKNOWN STEP	2026-05-12T17:00:01.4453836Z ^[[1m^[[92m   Compiling^[[0m serde_json v1.0.149
Build GitHub Pages app	UNKNOWN STEP	2026-05-12T17:00:01.5233412Z ^[[1m^[[92m   Compiling^[[0m byteorder v1.5.0
Build GitHub Pages app	UNKNOWN STEP	2026-05-12T17:00:01.7085330Z ^[[1m^[[92m   Compiling^[[0m untrusted v0.9.0
Build GitHub Pages app	UNKNOWN STEP	2026-05-12T17:00:01.7733191Z ^[[1m^[[92m   Compiling^[[0m anstyle-parse v0.2.7
Build GitHub Pages app	UNKNOWN STEP	2026-05-12T17:00:10.3573631Z ^[[1m^[[92m   Compiling^[[0m idna_adapter v1.2.1
Build GitHub Pages app	UNKNOWN STEP	2026-05-12T17:00:10.6746672Z ^[[1m^[[92m   Compiling^[[0m thiserror-impl v2.0.18
Build GitHub Pages app	UNKNOWN STEP	2026-05-12T17:00:11.6173432Z ^[[1m^[[92m   Compiling^[[0m inout v0.1.4
Build GitHub Pages app	UNKNOWN STEP	2026-05-12T17:00:11.6884049Z ^[[1m^[[92m   Compiling^[[0m colorchoice v1.0.4
Build GitHub Pages app	UNKNOWN STEP	2026-05-12T17:00:11.7333695Z ^[[1m^[[92m   Compiling^[[0m anstyle v1.0.13
Build GitHub Pages app	UNKNOWN STEP	2026-05-12T17:00:11.9284700Z ^[[1m^[[92m   Compiling^[[0m rustls v0.23.36
Build GitHub Pages app	UNKNOWN STEP	2026-05-12T17:00:11.9903530Z ^[[1m^[[92m   Compiling^[[0m object v0.37.3
Build GitHub Pages app	UNKNOWN STEP	2026-05-12T17:00:12.1063971Z ^[[1m^[[92m   Compiling^[[0m anstyle-query v1.1.5
Build GitHub Pages app	UNKNOWN STEP	2026-05-12T17:00:12.1473732Z ^[[1m^[[92m   Compiling^[[0m cpufeatures v0.2.17
Build GitHub Pages app	UNKNOWN STEP	2026-05-12T17:00:12.1773417Z ^[[1m^[[92m   Compiling^[[0m rustix v0.38.44
Build GitHub Pages app	UNKNOWN STEP	2026-05-12T17:00:12.3533504Z ^[[1m^[[92m   Compiling^[[0m itoa v1.0.17
Build GitHub Pages app	UNKNOWN STEP	2026-05-12T17:00:12.5227303Z ^[[1m^[[92m   Compiling^[[0m percent-encoding v2.3.2
Build GitHub Pages app	UNKNOWN STEP	2026-05-12T17:00:12.6885448Z ^[[1m^[[92m   Compiling^[[0m powerfmt v0.2.0
Build GitHub Pages app	UNKNOWN STEP	2026-05-12T17:00:12.8255381Z ^[[1m^[[92m   Compiling^[[0m utf8_iter v1.0.4
Build GitHub Pages app	UNKNOWN STEP	2026-05-12T17:00:12.8993948Z ^[[1m^[[92m   Compiling^[[0m is_terminal_polyfill v1.70.2
Build GitHub Pages app	UNKNOWN STEP	2026-05-12T17:00:12.9403927Z ^[[1m^[[92m   Compiling^[[0m crc-catalog v2.4.0
Build GitHub Pages app	UNKNOWN STEP	2026-05-12T17:00:12.9883389Z ^[[1m^[[92m   Compiling^[[0m autocfg v1.5.0
Build GitHub Pages app	UNKNOWN STEP	2026-05-12T17:00:13.2823452Z ^[[1m^[[92m   Compiling^[[0m num-traits v0.2.19
Build GitHub Pages app	UNKNOWN STEP	2026-05-12T17:00:13.3525118Z ^[[1m^[[92m   Compiling^[[0m crc v3.4.0
Build GitHub Pages app	UNKNOWN STEP	2026-05-12T17:00:13.4923789Z ^[[1m^[[92m   Compiling^[[0m anstream v0.6.21
Build GitHub Pages app	UNKNOWN STEP	2026-05-12T17:00:13.9623101Z ^[[1m^[[92m   Compiling^[[0m idna v1.1.0
Build GitHub Pages app	UNKNOWN STEP	2026-05-12T17:00:15.0843219Z ^[[1m^[[92m   Compiling^[[0m deranged v0.5.5
Build GitHub Pages app	UNKNOWN STEP	2026-05-12T17:00:15.8253829Z ^[[1m^[[92m   Compiling^[[0m form_urlencoded v1.2.2
Build GitHub Pages app	UNKNOWN STEP	2026-05-12T17:00:16.2743257Z ^[[1m^[[92m   Compiling^[[0m rustls-webpki v0.103.9
Build GitHub Pages app	UNKNOWN STEP	2026-05-12T17:00:16.3463829Z ^[[1m^[[92m   Compiling^[[0m cipher v0.4.4
Build GitHub Pages app	UNKNOWN STEP	2026-05-12T17:00:16.6053219Z ^[[1m^[[92m   Compiling^[[0m flate2 v1.1.8
Build GitHub Pages app	UNKNOWN STEP	2026-05-12T17:00:17.1063365Z ^[[1m^[[92m   Compiling^[[0m hmac v0.12.1
Build GitHub Pages app	UNKNOWN STEP	2026-05-12T17:00:17.1903888Z ^[[1m^[[92m   Compiling^[[0m webpki-roots v1.0.5
Build GitHub Pages app	UNKNOWN STEP	2026-05-12T17:00:17.2563301Z ^[[1m^[[92m   Compiling^[[0m zip v2.4.2
Build GitHub Pages app	UNKNOWN STEP	2026-05-12T17:00:17.3260967Z ^[[1m^[[92m   Compiling^[[0m camino v1.2.2
Build GitHub Pages app	UNKNOWN STEP	2026-05-12T17:00:17.4723346Z ^[[1m^[[92m   Compiling^[[0m equivalent v1.0.2
Build GitHub Pages app	UNKNOWN STEP	2026-05-12T17:00:17.4998345Z ^[[1m^[[92m   Compiling^[[0m hashbrown v0.16.1
Build GitHub Pages app	UNKNOWN STEP	2026-05-12T17:00:18.1488130Z ^[[1m^[[92m   Compiling^[[0m parking_lot_core v0.9.12
Build GitHub Pages app	UNKNOWN STEP	2026-05-12T17:00:18.2463036Z ^[[1m^[[92m   Compiling^[[0m linux-raw-sys v0.4.15
Build GitHub Pages app	UNKNOWN STEP	2026-05-12T17:00:18.4989882Z ^[[1m^[[92m   Compiling^[[0m bumpalo v3.19.1
Build GitHub Pages app	UNKNOWN STEP	2026-05-12T17:00:18.6923353Z ^[[1m^[[92m   Compiling^[[0m time-core v0.1.7
Build GitHub Pages app	UNKNOWN STEP	2026-05-12T17:00:18.7863545Z ^[[1m^[[92m   Compiling^[[0m num-conv v0.1.0
Build GitHub Pages app	UNKNOWN STEP	2026-05-12T17:00:18.8663795Z ^[[1m^[[92m   Compiling^[[0m anyhow v1.0.100
Build GitHub Pages app	UNKNOWN STEP	2026-05-12T17:00:18.9374874Z ^[[1m^[[92m   Compiling^[[0m gimli v0.32.3
Build GitHub Pages app	UNKNOWN STEP	2026-05-12T17:00:19.0143154Z ^[[1m^[[92m   Compiling^[[0m winnow v0.7.14
Build GitHub Pages app	UNKNOWN STEP	2026-05-12T17:00:19.1592626Z ^[[1m^[[92m   Compiling^[[0m time v0.3.45
Build GitHub Pages app	UNKNOWN STEP	2026-05-12T17:00:19.7373677Z ^[[1m^[[92m   Compiling^[[0m zopfli v0.8.3
Build GitHub Pages app	UNKNOWN STEP	2026-05-12T17:00:20.9353725Z ^[[1m^[[92m   Compiling^[[0m toml_parser v1.0.6+spec-1.1.0
Build GitHub Pages app	UNKNOWN STEP	2026-05-12T17:00:21.6233323Z ^[[1m^[[92m   Compiling^[[0m addr2line v0.25.1
Build GitHub Pages app	UNKNOWN STEP	2026-05-12T17:00:22.1806960Z ^[[1m^[[92m   Compiling^[[0m indexmap v2.13.0
Build GitHub Pages app	UNKNOWN STEP	2026-05-12T17:00:22.3627661Z ^[[1m^[[92m   Compiling^[[0m webpki-roots v0.26.11
Build GitHub Pages app	UNKNOWN STEP	2026-05-12T17:00:22.3825754Z ^[[1m^[[92m   Compiling^[[0m pbkdf2 v0.12.2
Build GitHub Pages app	UNKNOWN STEP	2026-05-12T17:00:22.9583296Z ^[[1m^[[92m   Compiling^[[0m bzip2 v0.5.2
Build GitHub Pages app	UNKNOWN STEP	2026-05-12T17:00:23.1090580Z ^[[1m^[[92m   Compiling^[[0m aes v0.8.4
Build GitHub Pages app	UNKNOWN STEP	2026-05-12T17:00:24.8223415Z ^[[1m^[[92m   Compiling^[[0m url v2.5.8
Build GitHub Pages app	UNKNOWN STEP	2026-05-12T17:00:27.5994506Z ^[[1m^[[92m   Compiling^[[0m xz2 v0.1.7
Build GitHub Pages app	UNKNOWN STEP	2026-05-12T17:00:27.8010451Z ^[[1m^[[92m   Compiling^[[0m lzma-rs v0.3.0
Build GitHub Pages app	UNKNOWN STEP	2026-05-12T17:00:28.0536739Z ^[[1m^[[92m   Compiling^[[0m sha1 v0.10.6
Build GitHub Pages app	UNKNOWN STEP	2026-05-12T17:00:28.4753846Z ^[[1m^[[92m   Compiling^[[0m socks v0.3.4
Build GitHub Pages app	UNKNOWN STEP	2026-05-12T17:00:28.5573254Z ^[[1m^[[92m   Compiling^[[0m xattr v1.6.1
Build GitHub Pages app	UNKNOWN STEP	2026-05-12T17:00:28.9123723Z ^[[1m^[[92m   Compiling^[[0m serde_spanned v1.0.4
Build GitHub Pages app	UNKNOWN STEP	2026-05-12T17:00:28.9874990Z ^[[1m^[[92m   Compiling^[[0m toml_datetime v0.7.5+spec-1.1.0
Build GitHub Pages app	UNKNOWN STEP	2026-05-12T17:00:29.1573851Z ^[[1m^[[92m   Compiling^[[0m filetime v0.2.27
Build GitHub Pages app	UNKNOWN STEP	2026-05-12T17:00:29.3039438Z ^[[1m^[[92m   Compiling^[[0m dirs-sys-next v0.1.2
Build GitHub Pages app	UNKNOWN STEP	2026-05-12T17:00:29.3066837Z ^[[1m^[[92m   Compiling^[[0m scopeguard v1.2.0
Build GitHub Pages app	UNKNOWN STEP	2026-05-12T17:00:29.3418957Z ^[[1m^[[92m   Compiling^[[0m rustc-demangle v0.1.27
Build GitHub Pages app	UNKNOWN STEP	2026-05-12T17:00:29.7603261Z ^[[1m^[[92m   Compiling^[[0m heck v0.5.0
Build GitHub Pages app	UNKNOWN STEP	2026-05-12T17:00:29.9033760Z ^[[1m^[[92m   Compiling^[[0m strsim v0.11.1
Build GitHub Pages app	UNKNOWN STEP	2026-05-12T17:00:30.3827276Z ^[[1m^[[92m   Compiling^[[0m fastrand v2.3.0
Build GitHub Pages app	UNKNOWN STEP	2026-05-12T17:00:30.5921040Z ^[[1m^[[92m   Compiling^[[0m toml_writer v1.0.6+spec-1.1.0
Build GitHub Pages app	UNKNOWN STEP	2026-05-12T17:00:30.7411243Z ^[[1m^[[92m   Compiling^[[0m unicode-width v0.2.2
Build GitHub Pages app	UNKNOWN STEP	2026-05-12T17:00:30.7843415Z ^[[1m^[[92m   Compiling^[[0m clap_lex v0.7.7
Build GitHub Pages app	UNKNOWN STEP	2026-05-12T17:00:30.9503943Z ^[[1m^[[92m   Compiling^[[0m deflate64 v0.1.10
Build GitHub Pages app	UNKNOWN STEP	2026-05-12T17:00:31.0585754Z ^[[1m^[[92m   Compiling^[[0m base64 v0.22.1
Build GitHub Pages app	UNKNOWN STEP	2026-05-12T17:00:31.4243399Z ^[[1m^[[92m   Compiling^[[0m constant_time_eq v0.3.1
Build GitHub Pages app	UNKNOWN STEP	2026-05-12T17:00:31.4723571Z ^[[1m^[[92m   Compiling^[[0m ureq v2.12.1
Build GitHub Pages app	UNKNOWN STEP	2026-05-12T17:00:31.5193523Z ^[[1m^[[92m   Compiling^[[0m console v0.16.2
Build GitHub Pages app	UNKNOWN STEP	2026-05-12T17:00:32.8563394Z ^[[1m^[[92m   Compiling^[[0m zstd v0.13.3
Build GitHub Pages app	UNKNOWN STEP	2026-05-12T17:00:32.8753454Z ^[[1m^[[92m   Compiling^[[0m clap_builder v4.5.54
Build GitHub Pages app	UNKNOWN STEP	2026-05-12T17:00:37.8723857Z ^[[1m^[[92m   Compiling^[[0m toml v0.9.11+spec-1.1.0
Build GitHub Pages app	UNKNOWN STEP	2026-05-12T17:00:39.9003567Z ^[[1m^[[92m   Compiling^[[0m tempfile v3.24.0
Build GitHub Pages app	UNKNOWN STEP	2026-05-12T17:00:40.8134044Z ^[[1m^[[92m   Compiling^[[0m clap_derive v4.5.49
Build GitHub Pages app	UNKNOWN STEP	2026-05-12T17:00:42.5313473Z ^[[1m^[[92m   Compiling^[[0m backtrace v0.3.76
Build GitHub Pages app	UNKNOWN STEP	2026-05-12T17:00:43.0504402Z ^[[1m^[[92m   Compiling^[[0m dirs-next v2.0.0
Build GitHub Pages app	UNKNOWN STEP	2026-05-12T17:00:43.1363991Z ^[[1m^[[92m   Compiling^[[0m lock_api v0.4.14
Build GitHub Pages app	UNKNOWN STEP	2026-05-12T17:00:43.3293106Z ^[[1m^[[92m   Compiling^[[0m tar v0.4.44
Build GitHub Pages app	UNKNOWN STEP	2026-05-12T17:00:45.7943356Z ^[[1m^[[92m   Compiling^[[0m fs4 v0.6.6
Build GitHub Pages app	UNKNOWN STEP	2026-05-12T17:00:46.2813458Z ^[[1m^[[92m   Compiling^[[0m uuid v1.19.0
Build GitHub Pages app	UNKNOWN STEP	2026-05-12T17:00:46.4333690Z ^[[1m^[[92m   Compiling^[[0m env_filter v0.1.4
Build GitHub Pages app	UNKNOWN STEP	2026-05-12T17:00:46.7259144Z ^[[1m^[[92m   Compiling^[[0m semver v1.0.27
Build GitHub Pages app	UNKNOWN STEP	2026-05-12T17:00:46.7373242Z ^[[1m^[[92m   Compiling^[[0m cargo-platform v0.3.2
Build GitHub Pages app	UNKNOWN STEP	2026-05-12T17:00:47.1583349Z ^[[1m^[[92m   Compiling^[[0m sysinfo v0.37.2
Build GitHub Pages app	UNKNOWN STEP	2026-05-12T17:00:47.2753891Z ^[[1m^[[92m   Compiling^[[0m iana-time-zone v0.1.64
Build GitHub Pages app	UNKNOWN STEP	2026-05-12T17:00:47.3562401Z ^[[1m^[[92m   Compiling^[[0m siphasher v0.3.11
Build GitHub Pages app	UNKNOWN STEP	2026-05-12T17:00:47.5013895Z ^[[1m^[[92m   Compiling^[[0m is_executable v0.1.2
Build GitHub Pages app	UNKNOWN STEP	2026-05-12T17:00:47.5563354Z ^[[1m^[[92m   Compiling^[[0m same-file v1.0.6
Build GitHub Pages app	UNKNOWN STEP	2026-05-12T17:00:47.6460774Z ^[[1m^[[92m   Compiling^[[0m shell-words v1.1.1
Build GitHub Pages app	UNKNOWN STEP	2026-05-12T17:00:47.7153851Z ^[[1m^[[92m   Compiling^[[0m env_home v0.1.0
Build GitHub Pages app	UNKNOWN STEP	2026-05-12T17:00:47.7604051Z ^[[1m^[[92m   Compiling^[[0m hex v0.4.3
Build GitHub Pages app	UNKNOWN STEP	2026-05-12T17:00:47.8353741Z ^[[1m^[[92m   Compiling^[[0m which v8.0.0
Build GitHub Pages app	UNKNOWN STEP	2026-05-12T17:00:48.0034052Z ^[[1m^[[92m   Compiling^[[0m binary-install v0.4.1
Build GitHub Pages app	UNKNOWN STEP	2026-05-12T17:00:48.2118381Z ^[[1m^[[92m   Compiling^[[0m human-panic v2.0.6
Build GitHub Pages app	UNKNOWN STEP	2026-05-12T17:00:48.3143485Z ^[[1m^[[92m   Compiling^[[0m dialoguer v0.12.0
Build GitHub Pages app	UNKNOWN STEP	2026-05-12T17:00:48.8799468Z ^[[1m^[[92m   Compiling^[[0m walkdir v2.5.0
Build GitHub Pages app	UNKNOWN STEP	2026-05-12T17:00:49.6793894Z ^[[1m^[[92m   Compiling^[[0m chrono v0.4.43
Build GitHub Pages app	UNKNOWN STEP	2026-05-12T17:00:50.2353782Z ^[[1m^[[92m   Compiling^[[0m cargo_metadata v0.23.1
Build GitHub Pages app	UNKNOWN STEP	2026-05-12T17:00:50.3053720Z ^[[1m^[[92m   Compiling^[[0m env_logger v0.11.8
Build GitHub Pages app	UNKNOWN STEP	2026-05-12T17:00:50.9123857Z ^[[1m^[[92m   Compiling^[[0m parking_lot v0.12.5
Build GitHub Pages app	UNKNOWN STEP	2026-05-12T17:00:51.6233418Z ^[[1m^[[92m   Compiling^[[0m clap v4.5.54
Build GitHub Pages app	UNKNOWN STEP	2026-05-12T17:00:51.6623515Z ^[[1m^[[92m   Compiling^[[0m serde_ignored v0.1.14
Build GitHub Pages app	UNKNOWN STEP	2026-05-12T17:00:51.8273803Z ^[[1m^[[92m   Compiling^[[0m glob v0.3.3
Build GitHub Pages app	UNKNOWN STEP	2026-05-12T17:00:51.8524066Z ^[[1m^[[92m   Compiling^[[0m siphasher v1.0.1
Build GitHub Pages app	UNKNOWN STEP	2026-05-12T17:00:51.9933114Z ^[[1m^[[92m   Compiling^[[0m path-clean v1.0.1
Build GitHub Pages app	UNKNOWN STEP	2026-05-12T17:00:52.1033829Z ^[[1m^[[92m   Compiling^[[0m wasm-pack v0.14.0
Build GitHub Pages app	UNKNOWN STEP	2026-05-12T17:00:59.7060281Z ^[[1m^[[92m    Finished^[[0m `release` profile [optimized] target(s) in 1m 13s
Build GitHub Pages app	UNKNOWN STEP	2026-05-12T17:00:59.7245814Z ^[[1m^[[92m  Installing^[[0m /home/runner/.cargo/bin/wasm-pack
Build GitHub Pages app	UNKNOWN STEP	2026-05-12T17:00:59.7247883Z ^[[1m^[[92m   Installed^[[0m package `wasm-pack v0.14.0` (executable `wasm-pack`)
Build GitHub Pages app	UNKNOWN STEP	2026-05-12T17:00:59.8213524Z ##[group]Run actions/setup-node@v4
Build GitHub Pages app	UNKNOWN STEP	2026-05-12T17:00:59.8213806Z with:
Build GitHub Pages app	UNKNOWN STEP	2026-05-12T17:00:59.8213977Z   node-version: 20.x
Build GitHub Pages app	UNKNOWN STEP	2026-05-12T17:00:59.8214173Z   cache: npm
Build GitHub Pages app	UNKNOWN STEP	2026-05-12T17:00:59.8214382Z   cache-dependency-path: js/package-lock.json
Build GitHub Pages app	UNKNOWN STEP	2026-05-12T17:00:59.8214661Z   always-auth: false
Build GitHub Pages app	UNKNOWN STEP	2026-05-12T17:00:59.8214852Z   check-latest: false
Build GitHub Pages app	UNKNOWN STEP	2026-05-12T17:00:59.8215155Z   token: ***
Build GitHub Pages app	UNKNOWN STEP	2026-05-12T17:00:59.8215329Z env:
Build GitHub Pages app	UNKNOWN STEP	2026-05-12T17:00:59.8215492Z   CARGO_HOME: /home/runner/.cargo
Build GitHub Pages app	UNKNOWN STEP	2026-05-12T17:00:59.8215721Z   CARGO_INCREMENTAL: 0
Build GitHub Pages app	UNKNOWN STEP	2026-05-12T17:00:59.8215912Z   CARGO_TERM_COLOR: always
Build GitHub Pages app	UNKNOWN STEP	2026-05-12T17:00:59.8216115Z ##[endgroup]
Build GitHub Pages app	UNKNOWN STEP	2026-05-12T17:01:00.0056913Z Found in cache @ /opt/hostedtoolcache/node/20.20.2/x64
Build GitHub Pages app	UNKNOWN STEP	2026-05-12T17:01:00.0064388Z ##[group]Environment details
Build GitHub Pages app	UNKNOWN STEP	2026-05-12T17:01:00.3085172Z node: v20.20.2
Build GitHub Pages app	UNKNOWN STEP	2026-05-12T17:01:00.3085539Z npm: 10.8.2
Build GitHub Pages app	UNKNOWN STEP	2026-05-12T17:01:00.3085845Z yarn: 1.22.22
Build GitHub Pages app	UNKNOWN STEP	2026-05-12T17:01:00.3088121Z ##[endgroup]
Build GitHub Pages app	UNKNOWN STEP	2026-05-12T17:01:00.3119526Z [command]/opt/hostedtoolcache/node/20.20.2/x64/bin/npm config get cache
Build GitHub Pages app	UNKNOWN STEP	2026-05-12T17:01:00.4328496Z /home/runner/.npm
Build GitHub Pages app	UNKNOWN STEP	2026-05-12T17:01:00.5308383Z Cache hit for: node-cache-Linux-x64-npm-d315d8b9cf81d047cf497bbcc55d1d84ab2bcc1d591d7e669c7aa9738b286549
Build GitHub Pages app	UNKNOWN STEP	2026-05-12T17:01:00.7309887Z Received 19427037 of 19427037 (100.0%), 113.0 MBs/sec
Build GitHub Pages app	UNKNOWN STEP	2026-05-12T17:01:00.7310715Z Cache Size: ~19 MB (19427037 B)
Build GitHub Pages app	UNKNOWN STEP	2026-05-12T17:01:00.7339437Z [command]/usr/bin/tar -xf /home/runner/work/_temp/365a2b51-ff9a-474c-b1d4-bf9d1f2ea580/cache.tzst -P -C /home/runner/work/link-cli/link-cli --use-compress-program unzstd
Build GitHub Pages app	UNKNOWN STEP	2026-05-12T17:01:00.7756565Z Cache restored successfully
Build GitHub Pages app	UNKNOWN STEP	2026-05-12T17:01:00.7771143Z Cache restored from key: node-cache-Linux-x64-npm-d315d8b9cf81d047cf497bbcc55d1d84ab2bcc1d591d7e669c7aa9738b286549
Build GitHub Pages app	UNKNOWN STEP	2026-05-12T17:01:00.8502337Z ##[group]Run actions/cache@v4
Build GitHub Pages app	UNKNOWN STEP	2026-05-12T17:01:00.8502987Z with:
Build GitHub Pages app	UNKNOWN STEP	2026-05-12T17:01:00.8503274Z   path: ~/.cargo/registry
Build GitHub Pages app	UNKNOWN STEP	~/.cargo/git
Build GitHub Pages app	UNKNOWN STEP	rust/target
Build GitHub Pages app	UNKNOWN STEP	rust/wasm/target
Build GitHub Pages app	UNKNOWN STEP
Build GitHub Pages app	UNKNOWN STEP	2026-05-12T17:01:00.8503827Z   key: Linux-wasm-pages-cargo-22376137081c5ebc35abde90b3a80a6689287fd12d6f0ceea94e66b1d419e921
Build GitHub Pages app	UNKNOWN STEP	2026-05-12T17:01:00.8504366Z   restore-keys: Linux-wasm-pages-cargo-
Build GitHub Pages app	UNKNOWN STEP	Linux-wasm-cargo-
Build GitHub Pages app	UNKNOWN STEP
Build GitHub Pages app	UNKNOWN STEP	2026-05-12T17:01:00.8504706Z   enableCrossOsArchive: false
Build GitHub Pages app	UNKNOWN STEP	2026-05-12T17:01:00.8504953Z   fail-on-cache-miss: false
Build GitHub Pages app	UNKNOWN STEP	2026-05-12T17:01:00.8505170Z   lookup-only: false
Build GitHub Pages app	UNKNOWN STEP	2026-05-12T17:01:00.8505365Z   save-always: false
Build GitHub Pages app	UNKNOWN STEP	2026-05-12T17:01:00.8505546Z env:
Build GitHub Pages app	UNKNOWN STEP	2026-05-12T17:01:00.8505717Z   CARGO_HOME: /home/runner/.cargo
Build GitHub Pages app	UNKNOWN STEP	2026-05-12T17:01:00.8505951Z   CARGO_INCREMENTAL: 0
Build GitHub Pages app	UNKNOWN STEP	2026-05-12T17:01:00.8506154Z   CARGO_TERM_COLOR: always
Build GitHub Pages app	UNKNOWN STEP	2026-05-12T17:01:00.8506351Z ##[endgroup]
Build GitHub Pages app	UNKNOWN STEP	2026-05-12T17:01:01.0711397Z Cache hit for restore-key: Linux-wasm-cargo-22376137081c5ebc35abde90b3a80a6689287fd12d6f0ceea94e66b1d419e921
Build GitHub Pages app	UNKNOWN STEP	2026-05-12T17:01:02.1249767Z Received 197132288 of 364861180 (54.0%), 188.0 MBs/sec
Build GitHub Pages app	UNKNOWN STEP	2026-05-12T17:01:02.8227386Z Received 364861180 of 364861180 (100.0%), 204.9 MBs/sec
Build GitHub Pages app	UNKNOWN STEP	2026-05-12T17:01:02.8229449Z Cache Size: ~348 MB (364861180 B)
Build GitHub Pages app	UNKNOWN STEP	2026-05-12T17:01:02.8289367Z [command]/usr/bin/tar -xf /home/runner/work/_temp/056ece22-2429-4fc4-a394-20b96477ee85/cache.tzst -P -C /home/runner/work/link-cli/link-cli --use-compress-program unzstd
Build GitHub Pages app	UNKNOWN STEP	2026-05-12T17:01:05.8589437Z Cache restored successfully
Build GitHub Pages app	UNKNOWN STEP	2026-05-12T17:01:05.8824461Z Cache restored from key: Linux-wasm-cargo-22376137081c5ebc35abde90b3a80a6689287fd12d6f0ceea94e66b1d419e921
Build GitHub Pages app	UNKNOWN STEP	2026-05-12T17:01:05.8948297Z ##[group]Run npm ci
Build GitHub Pages app	UNKNOWN STEP	2026-05-12T17:01:05.8948705Z ^[[36;1mnpm ci^[[0m
Build GitHub Pages app	UNKNOWN STEP	2026-05-12T17:01:06.2388914Z shell: /usr/bin/bash -e {0}
Build GitHub Pages app	UNKNOWN STEP	2026-05-12T17:01:06.2389194Z env:
Build GitHub Pages app	UNKNOWN STEP	2026-05-12T17:01:06.2389401Z   CARGO_HOME: /home/runner/.cargo
Build GitHub Pages app	UNKNOWN STEP	2026-05-12T17:01:06.2389679Z   CARGO_INCREMENTAL: 0
Build GitHub Pages app	UNKNOWN STEP	2026-05-12T17:01:06.2389913Z   CARGO_TERM_COLOR: always
Build GitHub Pages app	UNKNOWN STEP	2026-05-12T17:01:06.2390150Z ##[endgroup]
Build GitHub Pages app	UNKNOWN STEP	2026-05-12T17:01:08.1884827Z
Build GitHub Pages app	UNKNOWN STEP	2026-05-12T17:01:08.1885857Z added 23 packages, and audited 24 packages in 2s
Build GitHub Pages app	UNKNOWN STEP	2026-05-12T17:01:08.1886426Z
Build GitHub Pages app	UNKNOWN STEP	2026-05-12T17:01:08.1886755Z 8 packages are looking for funding
Build GitHub Pages app	UNKNOWN STEP	2026-05-12T17:01:08.1887287Z   run `npm fund` for details
Build GitHub Pages app	UNKNOWN STEP	2026-05-12T17:01:08.1894561Z
Build GitHub Pages app	UNKNOWN STEP	2026-05-12T17:01:08.1894921Z found 0 vulnerabilities
Build GitHub Pages app	UNKNOWN STEP	2026-05-12T17:01:08.2089729Z ##[group]Run actions/configure-pages@v5
Build GitHub Pages app	UNKNOWN STEP	2026-05-12T17:01:08.2090010Z with:
Build GitHub Pages app	UNKNOWN STEP	2026-05-12T17:01:08.2090284Z   token: ***
Build GitHub Pages app	UNKNOWN STEP	2026-05-12T17:01:08.2090472Z   enablement: false
Build GitHub Pages app	UNKNOWN STEP	2026-05-12T17:01:08.2090659Z env:
Build GitHub Pages app	UNKNOWN STEP	2026-05-12T17:01:08.2090839Z   CARGO_HOME: /home/runner/.cargo
Build GitHub Pages app	UNKNOWN STEP	2026-05-12T17:01:08.2091079Z   CARGO_INCREMENTAL: 0
Build GitHub Pages app	UNKNOWN STEP	2026-05-12T17:01:08.2091280Z   CARGO_TERM_COLOR: always
Build GitHub Pages app	UNKNOWN STEP	2026-05-12T17:01:08.2091504Z ##[endgroup]
Build GitHub Pages app	UNKNOWN STEP	2026-05-12T17:01:08.5828030Z ##[group]Run npm run build:pages
Build GitHub Pages app	UNKNOWN STEP	2026-05-12T17:01:08.5828329Z ^[[36;1mnpm run build:pages^[[0m
Build GitHub Pages app	UNKNOWN STEP	2026-05-12T17:01:08.5850191Z shell: /usr/bin/bash -e {0}
Build GitHub Pages app	UNKNOWN STEP	2026-05-12T17:01:08.5850439Z env:
Build GitHub Pages app	UNKNOWN STEP	2026-05-12T17:01:08.5850626Z   CARGO_HOME: /home/runner/.cargo
Build GitHub Pages app	UNKNOWN STEP	2026-05-12T17:01:08.5850893Z   CARGO_INCREMENTAL: 0
Build GitHub Pages app	UNKNOWN STEP	2026-05-12T17:01:08.5851110Z   CARGO_TERM_COLOR: always
Build GitHub Pages app	UNKNOWN STEP	2026-05-12T17:01:08.5851331Z   GITHUB_PAGES: true
Build GitHub Pages app	UNKNOWN STEP	2026-05-12T17:01:08.5851530Z ##[endgroup]
Build GitHub Pages app	UNKNOWN STEP	2026-05-12T17:01:08.7096074Z
Build GitHub Pages app	UNKNOWN STEP	2026-05-12T17:01:08.7096418Z > link-cli-web@2.3.0 build:pages
Build GitHub Pages app	UNKNOWN STEP	2026-05-12T17:01:08.7097047Z > npm run build:wasm && DEPLOY_TARGET=github-pages npm run build:web
Build GitHub Pages app	UNKNOWN STEP	2026-05-12T17:01:08.7097405Z
Build GitHub Pages app	UNKNOWN STEP	2026-05-12T17:01:08.8195809Z
Build GitHub Pages app	UNKNOWN STEP	2026-05-12T17:01:08.8196505Z > link-cli-web@2.3.0 build:wasm
Build GitHub Pages app	UNKNOWN STEP	2026-05-12T17:01:08.8197401Z > wasm-pack build --target web --out-dir ../../js/pkg ../rust/wasm
Build GitHub Pages app	UNKNOWN STEP	2026-05-12T17:01:08.8197913Z
Build GitHub Pages app	UNKNOWN STEP	2026-05-12T17:01:08.9429974Z [INFO]: 🎯  Checking for the Wasm target...
Build GitHub Pages app	UNKNOWN STEP	2026-05-12T17:01:08.9708788Z [INFO]: 🌀  Compiling to Wasm...
Build GitHub Pages app	UNKNOWN STEP	2026-05-12T17:01:09.0504407Z ^[[1m^[[92m   Compiling^[[0m link-cli v0.1.0 (/home/runner/work/link-cli/link-cli/rust)
Build GitHub Pages app	UNKNOWN STEP	2026-05-12T17:01:10.1592557Z ^[[1m^[[92m   Compiling^[[0m clink-wasm v2.3.0 (/home/runner/work/link-cli/link-cli/rust/wasm)
Build GitHub Pages app	UNKNOWN STEP	2026-05-12T17:01:10.9271692Z ^[[1m^[[92m    Finished^[[0m `release` profile [optimized] target(s) in 1.94s
Build GitHub Pages app	UNKNOWN STEP	2026-05-12T17:01:10.9360025Z [INFO]: ⬇️  Installing wasm-bindgen...
Build GitHub Pages app	UNKNOWN STEP	2026-05-12T17:01:12.5918769Z [INFO]: Optimizing wasm binaries with `wasm-opt`...
Build GitHub Pages app	UNKNOWN STEP	2026-05-12T17:01:16.0036615Z [INFO]: License key is set in Cargo.toml but no LICENSE file(s) were found; Please add the LICENSE file(s) to your project directory
Build GitHub Pages app	UNKNOWN STEP	2026-05-12T17:01:16.0037667Z [INFO]: ✨   Done in 7.07s
Build GitHub Pages app	UNKNOWN STEP	2026-05-12T17:01:16.0038324Z [INFO]: 📦   Your wasm pkg is ready to publish at ../js/pkg.
Build GitHub Pages app	UNKNOWN STEP	2026-05-12T17:01:16.1165496Z
Build GitHub Pages app	UNKNOWN STEP	2026-05-12T17:01:16.1166167Z > link-cli-web@2.3.0 build:web
Build GitHub Pages app	UNKNOWN STEP	2026-05-12T17:01:16.1166614Z > vite build --config vite.config.js
Build GitHub Pages app	UNKNOWN STEP	2026-05-12T17:01:16.1166826Z
Build GitHub Pages app	UNKNOWN STEP	2026-05-12T17:01:16.3137420Z ^[[36mvite v8.0.10 ^[[32mbuilding client environment for production...^[[36m^[[39m
Build GitHub Pages app	UNKNOWN STEP	2026-05-12T17:01:16.3247596Z ^[[2K
Build GitHub Pages app	UNKNOWN STEP	2026-05-12T17:01:16.5766912Z transforming...✓ 1737 modules transformed.
Build GitHub Pages app	UNKNOWN STEP	2026-05-12T17:01:16.6041754Z rendering chunks...
Build GitHub Pages app	UNKNOWN STEP	2026-05-12T17:01:16.6403227Z computing gzip size...
Build GitHub Pages app	UNKNOWN STEP	2026-05-12T17:01:16.6456021Z ../dist/assets/favicon-CIVoLc1m.svg             0.37 kB │ gzip:   0.24 kB
Build GitHub Pages app	UNKNOWN STEP	2026-05-12T17:01:16.6457026Z ../dist/index.html                              0.66 kB │ gzip:   0.39 kB
Build GitHub Pages app	UNKNOWN STEP	2026-05-12T17:01:16.6457649Z ../dist/assets/doublets_web_bg-cVQpTmMF.wasm   51.41 kB │ gzip:  20.96 kB
Build GitHub Pages app	UNKNOWN STEP	2026-05-12T17:01:16.6458253Z ../dist/assets/clink_wasm_bg-Bog79H2E.wasm    284.42 kB │ gzip: 123.90 kB
Build GitHub Pages app	UNKNOWN STEP	2026-05-12T17:01:16.6458886Z ../dist/assets/index-D8XZ-J-o.css               5.91 kB │ gzip:   2.07 kB
Build GitHub Pages app	UNKNOWN STEP	2026-05-12T17:01:16.6459563Z ../dist/assets/index-C4SsNzaJ.js              220.97 kB │ gzip:  68.69 kB
Build GitHub Pages app	UNKNOWN STEP	2026-05-12T17:01:16.6460036Z
Build GitHub Pages app	UNKNOWN STEP	2026-05-12T17:01:16.6460358Z ^[[32m✓ built in 331ms^[[39m
Build GitHub Pages app	UNKNOWN STEP	2026-05-12T17:01:16.6808257Z ##[group]Run actions/upload-pages-artifact@v4
Build GitHub Pages app	UNKNOWN STEP	2026-05-12T17:01:16.6808561Z with:
Build GitHub Pages app	UNKNOWN STEP	2026-05-12T17:01:16.6808736Z   path: dist/
Build GitHub Pages app	UNKNOWN STEP	2026-05-12T17:01:16.6808926Z   name: github-pages
Build GitHub Pages app	UNKNOWN STEP	2026-05-12T17:01:16.6809133Z   retention-days: 1
Build GitHub Pages app	UNKNOWN STEP	2026-05-12T17:01:16.6809362Z env:
Build GitHub Pages app	UNKNOWN STEP	2026-05-12T17:01:16.6809549Z   CARGO_HOME: /home/runner/.cargo
Build GitHub Pages app	UNKNOWN STEP	2026-05-12T17:01:16.6809814Z   CARGO_INCREMENTAL: 0
Build GitHub Pages app	UNKNOWN STEP	2026-05-12T17:01:16.6810018Z   CARGO_TERM_COLOR: always
Build GitHub Pages app	UNKNOWN STEP	2026-05-12T17:01:16.6810234Z   GITHUB_PAGES: true
Build GitHub Pages app	UNKNOWN STEP	2026-05-12T17:01:16.6810429Z ##[endgroup]
Build GitHub Pages app	UNKNOWN STEP	2026-05-12T17:01:16.6828955Z ##[group]Run echo ::group::Archive artifact
Build GitHub Pages app	UNKNOWN STEP	2026-05-12T17:01:16.6829402Z ^[[36;1mecho ::group::Archive artifact^[[0m
Build GitHub Pages app	UNKNOWN STEP	2026-05-12T17:01:16.6829793Z ^[[36;1mtar \^[[0m
Build GitHub Pages app	UNKNOWN STEP	2026-05-12T17:01:16.6830103Z ^[[36;1m  --dereference --hard-dereference \^[[0m
Build GitHub Pages app	UNKNOWN STEP	2026-05-12T17:01:16.6830557Z ^[[36;1m  --directory "$INPUT_PATH" \^[[0m
Build GitHub Pages app	UNKNOWN STEP	2026-05-12T17:01:16.6830932Z ^[[36;1m  -cvf "$RUNNER_TEMP/artifact.tar" \^[[0m
Build GitHub Pages app	UNKNOWN STEP	2026-05-12T17:01:16.6831329Z ^[[36;1m  --exclude=.git \^[[0m
Build GitHub Pages app	UNKNOWN STEP	2026-05-12T17:01:16.6831766Z ^[[36;1m  --exclude=.github \^[[0m
Build GitHub Pages app	UNKNOWN STEP	2026-05-12T17:01:16.6832393Z ^[[36;1m  --exclude=".[^/]*" \^[[0m
Build GitHub Pages app	UNKNOWN STEP	2026-05-12T17:01:16.6832810Z ^[[36;1m  .^[[0m
Build GitHub Pages app	UNKNOWN STEP	2026-05-12T17:01:16.6833096Z ^[[36;1mecho ::endgroup::^[[0m
Build GitHub Pages app	UNKNOWN STEP	2026-05-12T17:01:16.6868856Z shell: /usr/bin/sh -e {0}
Build GitHub Pages app	UNKNOWN STEP	2026-05-12T17:01:16.6869176Z env:
Build GitHub Pages app	UNKNOWN STEP	2026-05-12T17:01:16.6869567Z   CARGO_HOME: /home/runner/.cargo
Build GitHub Pages app	UNKNOWN STEP	2026-05-12T17:01:16.6869915Z   CARGO_INCREMENTAL: 0
Build GitHub Pages app	UNKNOWN STEP	2026-05-12T17:01:16.6870254Z   CARGO_TERM_COLOR: always
Build GitHub Pages app	UNKNOWN STEP	2026-05-12T17:01:16.6870590Z   GITHUB_PAGES: true
Build GitHub Pages app	UNKNOWN STEP	2026-05-12T17:01:16.6870892Z   INPUT_PATH: dist/
Build GitHub Pages app	UNKNOWN STEP	2026-05-12T17:01:16.6871207Z ##[endgroup]
Build GitHub Pages app	UNKNOWN STEP	2026-05-12T17:01:16.6922303Z ##[group]Archive artifact
Build GitHub Pages app	UNKNOWN STEP	2026-05-12T17:01:16.6935333Z ./
Build GitHub Pages app	UNKNOWN STEP	2026-05-12T17:01:16.6935804Z ./assets/
Build GitHub Pages app	UNKNOWN STEP	2026-05-12T17:01:16.6936303Z ./assets/favicon-CIVoLc1m.svg
Build GitHub Pages app	UNKNOWN STEP	2026-05-12T17:01:16.6937099Z ./assets/clink_wasm_bg-Bog79H2E.wasm
Build GitHub Pages app	UNKNOWN STEP	2026-05-12T17:01:16.6938224Z ./assets/index-D8XZ-J-o.css
Build GitHub Pages app	UNKNOWN STEP	2026-05-12T17:01:16.6938934Z ./assets/doublets_web_bg-cVQpTmMF.wasm
Build GitHub Pages app	UNKNOWN STEP	2026-05-12T17:01:16.6939559Z ./assets/index-C4SsNzaJ.js
Build GitHub Pages app	UNKNOWN STEP	2026-05-12T17:01:16.6941336Z ./index.html
Build GitHub Pages app	UNKNOWN STEP	2026-05-12T17:01:16.6944232Z ##[endgroup]
Build GitHub Pages app	UNKNOWN STEP	2026-05-12T17:01:16.6997978Z ##[group]Run actions/upload-artifact@ea165f8d65b6e75b540449e92b4886f43607fa02
Build GitHub Pages app	UNKNOWN STEP	2026-05-12T17:01:16.6998443Z with:
Build GitHub Pages app	UNKNOWN STEP	2026-05-12T17:01:16.6998703Z   name: github-pages
Build GitHub Pages app	UNKNOWN STEP	2026-05-12T17:01:16.6999302Z   path: /home/runner/work/_temp/artifact.tar
Build GitHub Pages app	UNKNOWN STEP	2026-05-12T17:01:16.6999633Z   retention-days: 1
Build GitHub Pages app	UNKNOWN STEP	2026-05-12T17:01:16.6999924Z   if-no-files-found: error
Build GitHub Pages app	UNKNOWN STEP	2026-05-12T17:01:16.7000302Z   compression-level: 6
Build GitHub Pages app	UNKNOWN STEP	2026-05-12T17:01:16.7000603Z   overwrite: false
Build GitHub Pages app	UNKNOWN STEP	2026-05-12T17:01:16.7000933Z   include-hidden-files: false
Build GitHub Pages app	UNKNOWN STEP	2026-05-12T17:01:16.7001297Z env:
Build GitHub Pages app	UNKNOWN STEP	2026-05-12T17:01:16.7001569Z   CARGO_HOME: /home/runner/.cargo
Build GitHub Pages app	UNKNOWN STEP	2026-05-12T17:01:16.7001891Z   CARGO_INCREMENTAL: 0
Build GitHub Pages app	UNKNOWN STEP	2026-05-12T17:01:16.7002592Z   CARGO_TERM_COLOR: always
Build GitHub Pages app	UNKNOWN STEP	2026-05-12T17:01:16.7002912Z   GITHUB_PAGES: true
Build GitHub Pages app	UNKNOWN STEP	2026-05-12T17:01:16.7003300Z ##[endgroup]
Build GitHub Pages app	UNKNOWN STEP	2026-05-12T17:01:16.9393384Z With the provided path, there will be 1 file uploaded
Build GitHub Pages app	UNKNOWN STEP	2026-05-12T17:01:16.9400199Z Artifact name is valid!
Build GitHub Pages app	UNKNOWN STEP	2026-05-12T17:01:16.9402282Z Root directory input is valid!
Build GitHub Pages app	UNKNOWN STEP	2026-05-12T17:01:17.0606830Z Beginning upload of artifact content to blob storage
Build GitHub Pages app	UNKNOWN STEP	2026-05-12T17:01:17.1414197Z Uploaded bytes 215777
Build GitHub Pages app	UNKNOWN STEP	2026-05-12T17:01:17.1577015Z Finished uploading artifact content to blob storage!
Build GitHub Pages app	UNKNOWN STEP	2026-05-12T17:01:17.1580117Z SHA256 digest of uploaded artifact zip is fe37de9db502d4aab784156b1016feb54f19a6120d43d8742bcd61de173aabe1
Build GitHub Pages app	UNKNOWN STEP	2026-05-12T17:01:17.1582474Z Finalizing artifact upload
Build GitHub Pages app	UNKNOWN STEP	2026-05-12T17:01:17.2725714Z Artifact github-pages.zip successfully finalized. Artifact ID 6950623391
Build GitHub Pages app	UNKNOWN STEP	2026-05-12T17:01:17.2727113Z Artifact github-pages has been successfully uploaded! Final size is 215777 bytes. Artifact ID is 6950623391
Build GitHub Pages app	UNKNOWN STEP	2026-05-12T17:01:17.2734575Z Artifact download URL: https://github.com/link-foundation/link-cli/actions/runs/25749403949/artifacts/6950623391
Build GitHub Pages app	UNKNOWN STEP	2026-05-12T17:01:17.3404927Z Post job cleanup.
Build GitHub Pages app	UNKNOWN STEP	2026-05-12T17:01:17.4940917Z [command]/usr/bin/tar --posix -cf cache.tzst --exclude cache.tzst -P -C /home/runner/work/link-cli/link-cli --files-from manifest.txt --use-compress-program zstdmt
Build GitHub Pages app	UNKNOWN STEP	2026-05-12T17:01:22.2327719Z Sent 96347141 of 364782597 (26.4%), 91.9 MBs/sec
Build GitHub Pages app	UNKNOWN STEP	2026-05-12T17:01:22.4739220Z Sent 364782597 of 364782597 (100.0%), 280.3 MBs/sec
Build GitHub Pages app	UNKNOWN STEP	2026-05-12T17:01:22.6065062Z Cache saved with key: Linux-wasm-pages-cargo-22376137081c5ebc35abde90b3a80a6689287fd12d6f0ceea94e66b1d419e921
Build GitHub Pages app	UNKNOWN STEP	2026-05-12T17:01:22.6185274Z Post job cleanup.
Build GitHub Pages app	UNKNOWN STEP	2026-05-12T17:01:22.7753939Z Cache hit occurred on the primary key node-cache-Linux-x64-npm-d315d8b9cf81d047cf497bbcc55d1d84ab2bcc1d591d7e669c7aa9738b286549, not saving cache.
Build GitHub Pages app	UNKNOWN STEP	2026-05-12T17:01:22.7872551Z Post job cleanup.
Build GitHub Pages app	UNKNOWN STEP	2026-05-12T17:01:22.8845936Z [command]/usr/bin/git version
Build GitHub Pages app	UNKNOWN STEP	2026-05-12T17:01:22.8881699Z git version 2.53.0
Build GitHub Pages app	UNKNOWN STEP	2026-05-12T17:01:22.8926319Z Temporarily overriding HOME='/home/runner/work/_temp/acdca4d2-81ff-45d5-b0e3-4cded3122147' before making global git config changes
Build GitHub Pages app	UNKNOWN STEP	2026-05-12T17:01:22.8927384Z Adding repository directory to the temporary git global config as a safe directory
Build GitHub Pages app	UNKNOWN STEP	2026-05-12T17:01:22.8938923Z [command]/usr/bin/git config --global --add safe.directory /home/runner/work/link-cli/link-cli
Build GitHub Pages app	UNKNOWN STEP	2026-05-12T17:01:22.8972422Z [command]/usr/bin/git config --local --name-only --get-regexp core\.sshCommand
Build GitHub Pages app	UNKNOWN STEP	2026-05-12T17:01:22.9003848Z [command]/usr/bin/git submodule foreach --recursive sh -c "git config --local --name-only --get-regexp 'core\.sshCommand' && git config --local --unset-all 'core.sshCommand' || :"
Build GitHub Pages app	UNKNOWN STEP	2026-05-12T17:01:22.9225558Z [command]/usr/bin/git config --local --name-only --get-regexp http\.https\:\/\/github\.com\/\.extraheader
Build GitHub Pages app	UNKNOWN STEP	2026-05-12T17:01:22.9246296Z http.https://github.com/.extraheader
Build GitHub Pages app	UNKNOWN STEP	2026-05-12T17:01:22.9258849Z [command]/usr/bin/git config --local --unset-all http.https://github.com/.extraheader
Build GitHub Pages app	UNKNOWN STEP	2026-05-12T17:01:22.9288859Z [command]/usr/bin/git submodule foreach --recursive sh -c "git config --local --name-only --get-regexp 'http\.https\:\/\/github\.com\/\.extraheader' && git config --local --unset-all 'http.https://github.com/.extraheader' || :"
Build GitHub Pages app	UNKNOWN STEP	2026-05-12T17:01:22.9504687Z [command]/usr/bin/git config --local --name-only --get-regexp ^includeIf\.gitdir:
Build GitHub Pages app	UNKNOWN STEP	2026-05-12T17:01:22.9535111Z [command]/usr/bin/git submodule foreach --recursive git config --local --show-origin --name-only --get-regexp remote.origin.url
Build GitHub Pages app	UNKNOWN STEP	2026-05-12T17:01:22.9869116Z Cleaning up orphan processes
Build GitHub Pages app	UNKNOWN STEP	2026-05-12T17:01:23.0189554Z ##[warning]Node.js 20 actions are deprecated. The following actions are running on Node.js 20 and may not work as expected: actions/cache@v4, actions/checkout@v4, actions/configure-pages@v5, actions/setup-node@v4, actions/upload-artifact@ea165f8d65b6e75b540449e92b4886f43607fa02. Actions will be forced to run with Node.js 24 by default starting June 2nd, 2026. Node.js 20 will be removed from the runner on September 16th, 2026. Please check if updated versions of these actions are available that support Node.js 24. To opt into Node.js 24 now, set the FORCE_JAVASCRIPT_ACTIONS_TO_NODE24=true environment variable on the runner or in your workflow file. Once Node.js 24 becomes the default, you can temporarily opt out by setting ACTIONS_ALLOW_USE_UNSECURE_NODE_VERSION=true. For more information see: https://github.blog/changelog/2025-09-19-deprecation-of-node-20-on-github-actions-runners/
Deploy GitHub Pages	UNKNOWN STEP	﻿2026-05-12T17:01:35.5107488Z Current runner version: '2.334.0'
Deploy GitHub Pages	UNKNOWN STEP	2026-05-12T17:01:35.5135850Z ##[group]Runner Image Provisioner
Deploy GitHub Pages	UNKNOWN STEP	2026-05-12T17:01:35.5136610Z Hosted Compute Agent
Deploy GitHub Pages	UNKNOWN STEP	2026-05-12T17:01:35.5137180Z Version: 20260213.493
Deploy GitHub Pages	UNKNOWN STEP	2026-05-12T17:01:35.5137864Z Commit: 5c115507f6dd24b8de37d8bbe0bb4509d0cc0fa3
Deploy GitHub Pages	UNKNOWN STEP	2026-05-12T17:01:35.5138524Z Build Date: 2026-02-13T00:28:41Z
Deploy GitHub Pages	UNKNOWN STEP	2026-05-12T17:01:35.5139218Z Worker ID: {31eaf131-1256-4bbd-a8ca-dfadff4706dd}
Deploy GitHub Pages	UNKNOWN STEP	2026-05-12T17:01:35.5139919Z Azure Region: eastus2
Deploy GitHub Pages	UNKNOWN STEP	2026-05-12T17:01:35.5140491Z ##[endgroup]
Deploy GitHub Pages	UNKNOWN STEP	2026-05-12T17:01:35.5141726Z ##[group]Operating System
Deploy GitHub Pages	UNKNOWN STEP	2026-05-12T17:01:35.5142360Z Ubuntu
Deploy GitHub Pages	UNKNOWN STEP	2026-05-12T17:01:35.5142813Z 24.04.4
Deploy GitHub Pages	UNKNOWN STEP	2026-05-12T17:01:35.5143324Z LTS
Deploy GitHub Pages	UNKNOWN STEP	2026-05-12T17:01:35.5143736Z ##[endgroup]
Deploy GitHub Pages	UNKNOWN STEP	2026-05-12T17:01:35.5144652Z ##[group]Runner Image
Deploy GitHub Pages	UNKNOWN STEP	2026-05-12T17:01:35.5145225Z Image: ubuntu-24.04
Deploy GitHub Pages	UNKNOWN STEP	2026-05-12T17:01:35.5145682Z Version: 20260413.86.1
Deploy GitHub Pages	UNKNOWN STEP	2026-05-12T17:01:35.5147030Z Included Software: https://github.com/actions/runner-images/blob/ubuntu24/20260413.86/images/ubuntu/Ubuntu2404-Readme.md
Deploy GitHub Pages	UNKNOWN STEP	2026-05-12T17:01:35.5148478Z Image Release: https://github.com/actions/runner-images/releases/tag/ubuntu24%2F20260413.86
Deploy GitHub Pages	UNKNOWN STEP	2026-05-12T17:01:35.5149351Z ##[endgroup]
Deploy GitHub Pages	UNKNOWN STEP	2026-05-12T17:01:35.5150433Z ##[group]GITHUB_TOKEN Permissions
Deploy GitHub Pages	UNKNOWN STEP	2026-05-12T17:01:35.5152827Z Contents: read
Deploy GitHub Pages	UNKNOWN STEP	2026-05-12T17:01:35.5153424Z Metadata: read
Deploy GitHub Pages	UNKNOWN STEP	2026-05-12T17:01:35.5153898Z Pages: write
Deploy GitHub Pages	UNKNOWN STEP	2026-05-12T17:01:35.5154834Z ##[endgroup]
Deploy GitHub Pages	UNKNOWN STEP	2026-05-12T17:01:35.5157325Z Secret source: Actions
Deploy GitHub Pages	UNKNOWN STEP	2026-05-12T17:01:35.5158234Z Prepare workflow directory
Deploy GitHub Pages	UNKNOWN STEP	2026-05-12T17:01:35.5492520Z Prepare all required actions
Deploy GitHub Pages	UNKNOWN STEP	2026-05-12T17:01:35.5529972Z Getting action download info
Deploy GitHub Pages	UNKNOWN STEP	2026-05-12T17:01:35.8559522Z Download action repository 'actions/deploy-pages@v4' (SHA:d6db90164ac5ed86f2b6aed7e0febac5b3c0c03e)
Deploy GitHub Pages	UNKNOWN STEP	2026-05-12T17:01:36.6232411Z Complete job name: Deploy GitHub Pages
Deploy GitHub Pages	UNKNOWN STEP	2026-05-12T17:01:36.6996735Z ##[group]Run actions/deploy-pages@v4
Deploy GitHub Pages	UNKNOWN STEP	2026-05-12T17:01:36.6997623Z with:
Deploy GitHub Pages	UNKNOWN STEP	2026-05-12T17:01:36.6998227Z   token: ***
Deploy GitHub Pages	UNKNOWN STEP	2026-05-12T17:01:36.6998655Z   timeout: 600000
Deploy GitHub Pages	UNKNOWN STEP	2026-05-12T17:01:36.6999102Z   error_count: 10
Deploy GitHub Pages	UNKNOWN STEP	2026-05-12T17:01:36.6999537Z   reporting_interval: 5000
Deploy GitHub Pages	UNKNOWN STEP	2026-05-12T17:01:36.7000028Z   artifact_name: github-pages
Deploy GitHub Pages	UNKNOWN STEP	2026-05-12T17:01:36.7000520Z   preview: false
Deploy GitHub Pages	UNKNOWN STEP	2026-05-12T17:01:36.7001088Z ##[endgroup]
Deploy GitHub Pages	UNKNOWN STEP	2026-05-12T17:01:37.0572031Z Fetching artifact metadata for "github-pages" in this workflow run
Deploy GitHub Pages	UNKNOWN STEP	2026-05-12T17:01:37.1430289Z Found 2 artifact(s)
Deploy GitHub Pages	UNKNOWN STEP	2026-05-12T17:01:37.1444487Z Creating Pages deployment with payload:
Deploy GitHub Pages	UNKNOWN STEP	2026-05-12T17:01:37.1445517Z {
Deploy GitHub Pages	UNKNOWN STEP	2026-05-12T17:01:37.1446231Z 	"artifact_id": 6950623391,
Deploy GitHub Pages	UNKNOWN STEP	2026-05-12T17:01:37.1447340Z 	"pages_build_version": "d47e551d2d66c7bfe93f9a869ce9fab36347e317",
Deploy GitHub Pages	UNKNOWN STEP	2026-05-12T17:01:37.1551854Z 	"oidc_token": "***"
Deploy GitHub Pages	UNKNOWN STEP	2026-05-12T17:01:37.1552722Z }
Deploy GitHub Pages	UNKNOWN STEP	2026-05-12T17:01:37.4518459Z Created deployment for d47e551d2d66c7bfe93f9a869ce9fab36347e317, ID: d47e551d2d66c7bfe93f9a869ce9fab36347e317
Deploy GitHub Pages	UNKNOWN STEP	2026-05-12T17:01:42.4533444Z Getting Pages deployment status...
Deploy GitHub Pages	UNKNOWN STEP	2026-05-12T17:01:42.5693886Z Reported success!
Deploy GitHub Pages	UNKNOWN STEP	2026-05-12T17:01:42.5954409Z Evaluate and set environment url
Deploy GitHub Pages	UNKNOWN STEP	2026-05-12T17:01:42.5959267Z Evaluated environment url: https://link-foundation.github.io/link-cli/
Deploy GitHub Pages	UNKNOWN STEP	2026-05-12T17:01:42.5960267Z Cleaning up orphan processes
Deploy GitHub Pages	UNKNOWN STEP	2026-05-12T17:01:42.6254855Z ##[warning]Node.js 20 actions are deprecated. The following actions are running on Node.js 20 and may not work as expected: actions/deploy-pages@v4. Actions will be forced to run with Node.js 24 by default starting June 2nd, 2026. Node.js 20 will be removed from the runner on September 16th, 2026. Please check if updated versions of these actions are available that support Node.js 24. To opt into Node.js 24 now, set the FORCE_JAVASCRIPT_ACTIONS_TO_NODE24=true environment variable on the runner or in your workflow file. Once Node.js 24 becomes the default, you can temporarily opt out by setting ACTIONS_ALLOW_USE_UNSECURE_NODE_VERSION=true. For more information see: https://github.blog/changelog/2025-09-19-deprecation-of-node-20-on-github-actions-runners/
